call_failure,complains,subscription_length,charge_amount,seconds_of_use,frequency_of_use,frequency_of_sms,distinct_called_numbers,age_group,tariff_plan,status,age,customer_value,churn,avg_usage_per_month,monthly_call_frequency,monthly_sms_frequency,has_complaint,has_call_failures,activity_score,customer_value_group
8,0,38,0,4370,71,5,17,3,1,1,30,197.64,0,115.0,1.868421052631579,0.13157894736842105,0,1,93,Medium
0,0,39,0,318,5,7,4,2,1,2,25,46.035,0,8.153846153846153,0.1282051282051282,0.1794871794871795,0,0,16,Low
10,0,37,0,2453,60,359,24,3,1,1,30,1536.52,0,66.29729729729729,1.6216216216216217,9.702702702702704,0,1,443,Very High
10,0,38,0,4198,66,1,35,1,1,1,15,240.02,0,110.47368421052632,1.736842105263158,0.02631578947368421,0,1,102,High
3,0,38,0,2393,58,2,33,1,1,1,15,145.805,0,62.973684210526315,1.5263157894736843,0.05263157894736842,0,1,93,Medium
11,0,38,1,3775,82,32,28,3,1,1,30,282.28,0,99.34210526315789,2.1578947368421053,0.8421052631578947,0,1,142,High
4,0,38,0,2360,39,285,18,3,1,1,30,1235.96,0,62.10526315789474,1.0263157894736843,7.5,0,1,342,Very High
13,0,37,2,9115,121,144,43,3,1,1,30,945.44,0,246.35135135135135,3.27027027027027,3.891891891891892,0,1,308,Very High
7,0,38,0,13773,169,0,44,3,1,1,30,557.68,0,362.44736842105266,4.447368421052632,0.0,0,1,213,High
7,0,38,1,4515,83,2,25,3,1,1,30,191.92,0,118.8157894736842,2.1842105263157894,0.05263157894736842,0,1,110,Medium
6,0,38,0,5918,95,7,12,3,1,1,30,268.52,0,155.73684210526315,2.5,0.18421052631578946,0,1,114,High
9,0,38,0,2238,54,8,17,3,1,2,30,123.68,0,58.89473684210526,1.4210526315789473,0.21052631578947367,0,1,79,Medium
25,0,38,3,15140,225,54,32,3,1,1,30,830.6,0,398.42105263157896,5.921052631578948,1.4210526315789473,0,1,311,Very High
4,0,38,1,3095,27,483,8,3,1,1,30,2056.88,0,81.44736842105263,0.7105263157894737,12.710526315789474,0,1,518,Very High
9,0,37,0,15485,182,150,30,2,1,1,25,1380.015,0,418.5135135135135,4.918918918918919,4.054054054054054,0,1,362,Very High
3,0,37,1,6500,86,186,26,3,1,1,30,1007.44,0,175.67567567567568,2.324324324324324,5.027027027027027,0,1,298,Very High
0,0,37,0,875,14,0,11,2,1,2,25,40.005,1,23.64864864864865,0.3783783783783784,0.0,0,0,25,Low
2,0,38,0,710,14,13,8,3,1,2,30,80.96,0,18.68421052631579,0.3684210526315789,0.34210526315789475,0,1,35,Low
0,0,37,0,0,0,0,0,2,1,2,25,0.0,1,0.0,0.0,0.0,0,0,0,Low
3,0,37,0,7508,127,384,43,2,1,1,25,2071.575,0,202.9189189189189,3.4324324324324325,10.378378378378379,0,1,554,Very High
7,0,37,1,11465,154,11,47,4,1,1,45,317.975,0,309.86486486486484,4.162162162162162,0.2972972972972973,0,1,212,High
8,0,37,1,6718,75,108,37,2,1,1,25,791.685,0,181.56756756756758,2.027027027027027,2.918918918918919,0,1,220,Very High
23,1,33,0,955,47,16,17,2,1,2,25,117.09,1,28.939393939393938,1.4242424242424243,0.48484848484848486,1,1,80,Low
21,1,36,8,10435,93,1,42,5,2,1,55,159.42,0,289.8611111111111,2.5833333333333335,0.027777777777777776,1,1,136,Medium
13,1,36,1,5818,98,26,24,2,1,1,25,383.22,1,161.61111111111111,2.7222222222222223,0.7222222222222222,1,1,148,High
1,0,34,0,2840,22,0,14,3,1,1,30,114.48,0,83.52941176470588,0.6470588235294118,0.0,0,1,36,Low
9,0,35,0,2990,41,9,16,3,1,2,30,157.24,1,85.42857142857143,1.1714285714285715,0.2571428571428571,0,1,66,Medium
9,1,36,0,2268,44,34,31,3,1,2,30,228.48,1,63.0,1.2222222222222223,0.9444444444444444,1,1,109,Medium
0,0,36,0,133,2,0,2,3,1,2,30,5.4,1,3.6944444444444446,0.05555555555555555,0.0,0,0,4,Low
1,0,36,0,1668,25,0,6,3,1,1,30,67.72,0,46.333333333333336,0.6944444444444444,0.0,0,1,31,Low
3,0,33,1,6785,97,14,22,5,1,1,55,124.23,0,205.6060606060606,2.9393939393939394,0.42424242424242425,0,1,133,Medium
0,1,36,0,628,7,9,4,4,1,2,45,38.375,1,17.444444444444443,0.19444444444444445,0.25,1,0,20,Low
0,0,36,1,338,4,4,2,5,1,1,55,11.13,0,9.38888888888889,0.1111111111111111,0.1111111111111111,0,0,10,Low
25,0,31,3,16075,238,0,80,2,2,1,25,734.085,0,518.5483870967741,7.67741935483871,0.0,0,1,318,High
6,0,34,3,6965,116,271,33,2,2,1,25,1538.145,0,204.85294117647058,3.411764705882353,7.970588235294118,0,1,420,Very High
2,0,36,0,3718,82,2,28,2,1,1,25,180.0,0,103.27777777777777,2.2777777777777777,0.05555555555555555,0,1,112,Medium
3,0,35,0,1665,44,38,20,3,1,2,30,220.36,0,47.57142857142857,1.2571428571428571,1.0857142857142856,0,1,102,Medium
6,0,36,0,2780,53,175,23,2,1,1,25,914.985,0,77.22222222222223,1.4722222222222223,4.861111111111111,0,1,251,Very High
4,0,27,1,1315,36,193,11,2,2,1,25,929.295,0,48.7037037037037,1.3333333333333333,7.148148148148148,0,1,240,Very High
4,0,26,0,1568,39,30,68,4,1,1,45,115.175,0,60.30769230769231,1.5,1.1538461538461537,0,1,137,Low
11,0,27,0,700,25,10,7,2,1,2,25,77.625,0,25.925925925925927,0.9259259259259259,0.37037037037037035,0,1,42,Low
0,0,26,0,825,10,21,3,4,1,2,45,73.375,1,31.73076923076923,0.38461538461538464,0.8076923076923077,0,0,34,Low
10,0,25,0,1225,32,19,13,2,1,1,25,142.065,0,49.0,1.28,0.76,0,1,64,Medium
2,0,25,0,3225,61,8,23,3,1,1,30,163.44,0,129.0,2.44,0.32,0,1,92,Medium
2,0,18,0,1695,26,28,14,2,1,1,25,203.445,0,94.16666666666667,1.4444444444444444,1.5555555555555556,0,1,68,Medium
16,0,17,1,6393,141,85,42,2,2,1,25,676.53,0,376.05882352941177,8.294117647058824,5.0,0,1,268,High
12,0,15,0,8933,171,73,40,4,1,1,45,410.1,0,595.5333333333333,11.4,4.866666666666666,0,1,284,High
8,0,16,3,2853,45,31,19,3,2,1,30,239.92,0,178.3125,2.8125,1.9375,0,1,95,High
2,0,9,1,4390,40,215,10,3,1,1,30,1037.2,0,487.77777777777777,4.444444444444445,23.88888888888889,0,1,265,Very High
3,0,9,1,1488,19,0,7,3,1,1,30,60.28,1,165.33333333333334,2.111111111111111,0.0,0,1,26,Low
11,0,40,1,4430,74,10,19,3,1,1,30,220.16,0,110.75,1.85,0.25,0,1,103,Medium
3,0,41,1,378,8,12,6,3,1,1,30,63.44,0,9.21951219512195,0.1951219512195122,0.2926829268292683,0,1,26,Low
13,0,39,1,2513,63,364,26,3,1,1,30,1559.04,0,64.43589743589743,1.6153846153846154,9.333333333333334,0,1,453,Very High
13,0,40,1,4258,69,6,37,1,1,1,15,270.985,0,106.45,1.725,0.15,0,1,112,High
6,0,40,1,2453,61,7,35,2,1,1,25,144.63,0,61.325,1.525,0.175,0,1,103,Medium
14,0,40,2,3835,85,37,30,3,2,1,30,304.8,0,95.875,2.125,0.925,0,1,152,High
7,0,40,1,2420,42,290,20,3,1,1,30,1258.48,0,60.5,1.05,7.25,0,1,352,Very High
16,0,39,3,9175,124,149,45,3,1,1,30,967.96,0,235.25641025641025,3.1794871794871793,3.8205128205128207,0,1,318,Very High
10,0,40,1,13833,172,5,46,3,1,1,30,580.2,0,345.825,4.3,0.125,0,1,223,High
10,0,40,2,4575,86,7,27,3,1,1,30,214.44,0,114.375,2.15,0.175,0,1,120,Medium
9,0,40,1,5978,98,12,14,3,1,1,30,291.04,0,149.45,2.45,0.3,0,1,124,High
12,0,40,1,2298,57,13,19,3,1,1,30,146.2,0,57.45,1.425,0.325,0,1,89,Medium
28,0,40,4,15200,228,59,34,3,1,1,30,853.12,0,380.0,5.7,1.475,0,1,321,Very High
7,0,40,2,3155,30,488,10,3,1,1,30,2079.4,0,78.875,0.75,12.2,0,1,528,Very High
12,0,39,1,15545,185,155,32,2,1,1,25,1405.35,0,398.5897435897436,4.743589743589744,3.9743589743589745,0,1,372,Very High
6,0,39,2,6560,89,191,28,3,1,1,30,1029.96,0,168.2051282051282,2.282051282051282,4.897435897435898,0,1,308,Very High
3,0,39,1,935,17,5,13,2,1,1,25,65.34,0,23.974358974358974,0.4358974358974359,0.1282051282051282,0,1,35,Low
5,0,40,1,770,17,18,10,3,1,1,30,103.48,0,19.25,0.425,0.45,0,1,45,Low
3,1,39,1,60,3,5,2,2,1,1,25,25.335,1,1.5384615384615385,0.07692307692307693,0.1282051282051282,1,1,10,Low
6,0,39,1,7568,130,389,45,3,1,1,30,1863.92,0,194.05128205128204,3.3333333333333335,9.974358974358974,0,1,564,Very High
10,0,39,2,11525,157,16,49,4,2,1,45,332.05,0,295.5128205128205,4.0256410256410255,0.41025641025641024,0,1,222,High
11,0,39,2,6778,78,113,39,2,1,1,25,817.02,0,173.7948717948718,2.0,2.8974358974358974,0,1,230,Very High
26,1,35,1,1015,50,21,19,3,1,1,30,126.6,1,29.0,1.4285714285714286,0.6,1,1,90,Medium
24,1,38,9,10495,96,6,44,5,2,1,55,167.865,0,276.1842105263158,2.526315789473684,0.15789473684210525,1,1,146,Medium
16,0,38,2,5878,101,31,26,2,1,1,25,408.555,0,154.68421052631578,2.6578947368421053,0.8157894736842105,0,1,158,High
4,0,36,1,2900,25,5,16,3,1,1,30,137.0,0,80.55555555555556,0.6944444444444444,0.1388888888888889,0,1,46,Medium
12,0,37,1,3050,44,14,18,3,1,1,30,179.76,1,82.43243243243244,1.1891891891891893,0.3783783783783784,0,1,76,Medium
12,1,38,1,2328,47,39,33,3,1,1,30,251.0,1,61.26315789473684,1.236842105263158,1.0263157894736843,1,1,119,High
3,0,38,1,193,5,5,4,3,1,1,30,27.92,1,5.078947368421052,0.13157894736842105,0.13157894736842105,0,1,14,Low
4,0,38,1,1728,28,5,8,4,1,1,45,56.4,0,45.473684210526315,0.7368421052631579,0.13157894736842105,0,1,41,Low
6,0,35,2,6845,100,19,24,5,1,1,55,132.675,0,195.57142857142858,2.857142857142857,0.5428571428571428,0,1,143,Medium
3,0,38,1,688,10,14,6,4,1,1,45,52.45,1,18.105263157894736,0.2631578947368421,0.3684210526315789,0,1,30,Low
3,0,38,2,398,7,9,4,5,1,1,55,19.575,0,10.473684210526315,0.18421052631578946,0.23684210526315788,0,1,20,Low
28,0,33,4,16135,241,5,82,2,1,1,25,759.42,0,488.93939393939394,7.303030303030303,0.15151515151515152,0,1,328,High
9,1,36,4,7025,119,276,35,3,2,1,30,1389.76,0,195.13888888888889,3.3055555555555554,7.666666666666667,1,1,430,Very High
5,0,38,1,3778,85,7,30,3,1,1,30,182.52,0,99.42105263157895,2.236842105263158,0.18421052631578946,0,1,122,Medium
6,0,37,1,1725,47,43,22,3,1,1,30,242.88,0,46.62162162162162,1.2702702702702702,1.162162162162162,0,1,112,High
9,0,38,1,2840,56,180,25,2,1,1,25,940.32,0,74.73684210526316,1.4736842105263157,4.7368421052631575,0,1,261,Very High
7,0,29,2,1375,39,198,13,3,2,1,30,848.56,0,47.41379310344828,1.3448275862068966,6.827586206896552,0,1,250,Very High
7,0,28,1,1628,42,35,70,4,1,1,45,129.25,0,58.142857142857146,1.5,1.25,0,1,147,Medium
14,0,29,1,760,28,15,9,3,1,1,30,91.52,0,26.20689655172414,0.9655172413793104,0.5172413793103449,0,1,52,Low
3,0,28,1,885,13,26,5,4,1,1,45,87.45,0,31.607142857142858,0.4642857142857143,0.9285714285714286,0,1,44,Low
13,0,27,1,1285,35,24,15,2,1,1,25,167.4,0,47.592592592592595,1.2962962962962963,0.8888888888888888,0,1,74,Medium
5,0,27,1,3285,64,13,25,3,1,1,30,185.96,0,121.66666666666667,2.3703703703703702,0.48148148148148145,0,1,102,Medium
5,0,20,1,1755,29,33,16,2,1,1,25,228.78,0,87.75,1.45,1.65,0,1,78,Medium
19,0,19,2,6453,144,90,44,2,2,1,25,701.865,0,339.63157894736844,7.578947368421052,4.7368421052631575,0,1,278,High
15,0,17,1,8993,174,78,42,5,1,1,55,254.505,0,529.0,10.235294117647058,4.588235294117647,0,1,294,High
11,0,18,4,2913,48,36,21,3,1,1,30,262.44,0,161.83333333333334,2.6666666666666665,2.0,0,1,105,High
5,0,11,2,4450,43,220,12,3,1,1,30,1059.72,0,404.54545454545456,3.909090909090909,20.0,0,1,275,Very High
6,1,11,2,1548,22,5,9,3,1,1,30,82.8,1,140.72727272727272,2.0,0.45454545454545453,1,1,36,Low
5,0,36,0,4310,68,0,15,2,1,1,25,197.01,0,119.72222222222223,1.8888888888888888,0.0,0,1,83,Medium
0,0,37,0,258,2,2,2,2,1,2,25,20.7,0,6.972972972972973,0.05405405405405406,0.05405405405405406,0,0,6,Low
7,0,35,0,2393,57,354,22,2,1,1,25,1703.25,0,68.37142857142857,1.6285714285714286,10.114285714285714,0,1,433,Very High
7,0,36,0,4138,63,0,33,1,1,1,15,231.055,0,114.94444444444444,1.75,0.0,0,1,96,Medium
0,0,36,0,2333,55,0,31,1,1,1,15,131.34,0,64.80555555555556,1.5277777777777777,0.0,0,0,86,Medium
8,0,36,0,3715,79,27,26,3,1,1,30,259.76,0,103.19444444444444,2.1944444444444446,0.75,0,1,132,High
1,0,36,0,2300,36,280,16,3,1,1,30,1213.44,0,63.888888888888886,1.0,7.777777777777778,0,1,332,Very High
10,0,35,1,9055,118,139,41,3,1,1,30,922.92,0,258.7142857142857,3.3714285714285714,3.9714285714285715,0,1,298,Very High
4,0,36,0,13713,166,0,42,3,1,1,30,555.16,0,380.9166666666667,4.611111111111111,0.0,0,1,208,High
4,0,36,0,4455,80,0,23,3,1,1,30,181.4,0,123.75,2.2222222222222223,0.0,0,1,103,Medium
3,0,36,0,5858,92,2,10,2,1,1,25,276.75,0,162.72222222222223,2.5555555555555554,0.05555555555555555,0,1,104,High
6,1,36,0,2178,51,3,15,3,1,2,30,101.16,0,60.5,1.4166666666666667,0.08333333333333333,1,1,69,Low
22,0,36,2,15080,222,49,30,3,1,1,30,808.08,0,418.8888888888889,6.166666666666667,1.3611111111111112,0,1,301,Very High
1,0,36,0,3035,24,478,6,3,1,1,30,2034.36,0,84.30555555555556,0.6666666666666666,13.277777777777779,0,1,508,Very High
6,0,35,0,15425,179,145,28,2,1,1,25,1354.68,0,440.7142857142857,5.114285714285714,4.142857142857143,0,1,352,Very High
0,0,35,0,6440,83,181,24,3,1,1,30,984.92,0,184.0,2.3714285714285714,5.171428571428572,0,0,288,Very High
0,0,35,0,815,11,0,9,2,1,2,25,37.17,0,23.285714285714285,0.3142857142857143,0.0,0,0,20,Low
0,0,36,0,650,11,8,6,2,1,2,25,65.745,0,18.055555555555557,0.3055555555555556,0.2222222222222222,0,0,25,Low
0,0,35,0,0,0,0,0,2,1,2,25,0.0,1,0.0,0.0,0.0,0,0,0,Low
0,0,35,0,7448,124,379,41,2,1,1,25,2046.24,0,212.8,3.5428571428571427,10.82857142857143,0,0,544,Very High
4,0,35,0,11405,151,6,45,3,1,1,30,486.24,0,325.85714285714283,4.314285714285714,0.17142857142857143,0,1,202,High
5,0,35,0,6658,72,103,35,2,1,1,25,766.35,0,190.22857142857143,2.057142857142857,2.942857142857143,0,1,210,High
20,0,31,0,895,44,11,15,2,1,2,25,91.755,1,28.870967741935484,1.4193548387096775,0.3548387096774194,0,1,70,Low
18,0,34,7,10375,90,0,40,4,1,1,45,261.625,0,305.1470588235294,2.6470588235294117,0.0,0,1,130,High
10,0,34,0,5758,95,21,22,2,1,1,25,357.885,1,169.35294117647058,2.7941176470588234,0.6176470588235294,0,1,138,High
0,0,32,0,2780,19,0,12,3,1,1,30,111.96,0,86.875,0.59375,0.0,0,0,31,Low
6,0,33,0,2930,38,4,14,2,1,2,25,151.56,1,88.78787878787878,1.1515151515151516,0.12121212121212122,0,1,56,Medium
6,1,34,0,2208,41,29,29,3,1,2,30,205.96,1,64.94117647058823,1.2058823529411764,0.8529411764705882,1,1,99,Medium
0,1,34,0,0,0,0,0,3,1,2,30,0.0,1,0.0,0.0,0.0,1,0,0,Low
0,0,34,0,1608,22,0,4,3,1,1,30,65.2,0,47.294117647058826,0.6470588235294118,0.0,0,0,26,Low
0,0,31,0,6725,94,9,20,4,1,1,45,192.975,0,216.93548387096774,3.032258064516129,0.2903225806451613,0,0,123,Medium
0,0,34,0,568,4,4,2,4,1,2,45,24.3,1,16.705882352941178,0.11764705882352941,0.11764705882352941,0,0,10,Low
0,0,34,0,0,0,0,0,5,1,1,55,0.0,0,0.0,0.0,0.0,0,0,0,Low
22,0,29,2,16015,235,0,78,2,1,1,25,731.25,0,552.2413793103449,8.10344827586207,0.0,0,1,313,High
3,0,32,2,6905,113,266,31,2,2,1,25,1512.81,0,215.78125,3.53125,8.3125,0,1,410,Very High
0,0,34,0,3658,79,0,26,2,1,1,25,168.165,0,107.58823529411765,2.323529411764706,0.0,0,0,105,Medium
0,0,33,0,1605,41,33,18,3,1,2,30,197.84,0,48.63636363636363,1.2424242424242424,1.0,0,0,92,Medium
3,0,34,0,2720,50,170,21,2,1,1,25,889.65,0,80.0,1.4705882352941178,5.0,0,1,241,Very High
1,0,25,0,1255,33,188,9,2,2,1,25,903.96,0,50.2,1.32,7.52,0,1,230,Very High
1,0,24,0,1508,36,25,66,4,1,1,45,101.1,0,62.833333333333336,1.5,1.0416666666666667,0,1,127,Low
8,0,25,0,640,22,5,5,2,1,2,25,52.29,0,25.6,0.88,0.2,0,1,32,Low
0,1,24,0,765,7,16,1,4,1,2,45,59.3,1,31.875,0.2916666666666667,0.6666666666666666,1,0,24,Low
7,0,23,0,1165,29,14,11,2,1,1,25,116.73,0,50.65217391304348,1.2608695652173914,0.6086956521739131,0,1,54,Low
0,0,23,0,3165,58,3,21,3,1,1,30,140.92,0,137.6086956521739,2.5217391304347827,0.13043478260869565,0,0,82,Medium
0,0,16,0,1635,23,23,12,2,1,1,25,178.11,0,102.1875,1.4375,1.4375,0,0,58,Medium
13,0,15,0,6333,138,80,40,1,2,1,15,795.905,0,422.2,9.2,5.333333333333333,0,1,258,Very High
9,0,13,0,8873,168,68,38,4,1,1,45,396.025,0,682.5384615384615,12.923076923076923,5.230769230769231,0,1,274,High
5,0,14,2,2793,42,26,17,3,1,1,30,217.4,0,199.5,3.0,1.8571428571428572,0,1,85,Medium
0,0,7,0,4330,37,210,8,3,1,1,30,1014.68,0,618.5714285714286,5.285714285714286,30.0,0,0,255,Very High
0,0,7,0,1428,16,0,5,3,1,1,30,57.76,1,204.0,2.2857142857142856,0.0,0,0,21,Low
9,0,42,1,4450,73,15,21,3,1,1,30,240.92,0,105.95238095238095,1.7380952380952381,0.35714285714285715,0,1,109,High
1,1,43,0,398,7,17,8,3,1,2,30,84.2,1,9.255813953488373,0.16279069767441862,0.3953488372093023,1,1,32,Low
11,0,41,1,2533,62,369,28,3,1,1,30,1579.8,0,61.78048780487805,1.5121951219512195,9.0,0,1,459,Very High
11,0,42,1,4278,68,11,39,1,1,1,15,299.53,0,101.85714285714286,1.619047619047619,0.2619047619047619,0,1,118,High
4,0,42,1,2473,60,12,37,2,1,1,25,167.985,0,58.88095238095238,1.4285714285714286,0.2857142857142857,0,1,109,Medium
12,0,42,2,3855,84,42,32,3,1,1,30,325.56,0,91.78571428571429,2.0,1.0,0,1,158,High
5,0,42,1,2440,41,295,22,3,1,1,30,1279.24,0,58.095238095238095,0.9761904761904762,7.023809523809524,0,1,358,Very High
14,0,41,3,9195,123,154,47,3,1,1,30,988.72,0,224.26829268292684,3.0,3.7560975609756095,0,1,324,Very High
8,0,42,1,13853,171,10,48,3,1,1,30,600.96,0,329.8333333333333,4.071428571428571,0.23809523809523808,0,1,229,High
8,0,42,2,4595,85,12,29,3,1,1,30,235.2,0,109.4047619047619,2.0238095238095237,0.2857142857142857,0,1,126,High
7,0,42,1,5998,97,17,16,3,1,1,30,311.8,0,142.8095238095238,2.3095238095238093,0.40476190476190477,0,1,130,High
10,0,42,0,2318,56,18,21,3,1,2,30,166.96,0,55.19047619047619,1.3333333333333333,0.42857142857142855,0,1,95,Medium
26,0,42,4,15220,227,64,36,3,2,1,30,873.88,0,362.3809523809524,5.404761904761905,1.5238095238095237,0,1,327,Very High
5,0,42,2,3175,29,493,12,3,1,1,30,2100.16,0,75.5952380952381,0.6904761904761905,11.738095238095237,0,1,534,Very High
10,0,41,1,15565,184,160,34,2,1,1,25,1428.705,0,379.6341463414634,4.487804878048781,3.902439024390244,0,1,378,Very High
4,0,41,2,6580,88,196,30,3,1,1,30,1050.72,0,160.4878048780488,2.1463414634146343,4.780487804878049,0,1,314,Very High
1,0,41,0,955,16,10,15,2,1,2,25,88.695,0,23.29268292682927,0.3902439024390244,0.24390243902439024,0,1,41,Low
3,0,42,0,790,16,23,12,3,1,2,30,124.24,0,18.80952380952381,0.38095238095238093,0.5476190476190477,0,1,51,Medium
1,0,41,0,80,2,10,4,2,1,2,25,48.69,1,1.951219512195122,0.04878048780487805,0.24390243902439024,0,1,16,Low
4,0,41,1,7588,129,394,47,3,1,1,30,1884.68,0,185.0731707317073,3.1463414634146343,9.609756097560975,0,1,570,Very High
8,0,41,2,11545,156,21,51,4,1,1,45,345.025,0,281.5853658536585,3.8048780487804876,0.5121951219512195,0,1,228,High
9,0,41,2,6798,77,118,41,2,1,1,25,840.375,0,165.8048780487805,1.8780487804878048,2.8780487804878048,0,1,236,Very High
24,1,37,0,1035,49,26,21,3,1,2,30,147.36,1,27.972972972972972,1.3243243243243243,0.7027027027027027,1,1,96,Medium
22,1,40,9,10515,95,11,46,5,1,1,55,175.65,0,262.875,2.375,0.275,1,1,152,Medium
14,0,40,2,5898,100,36,28,2,1,1,25,431.91,1,147.45,2.5,0.9,0,1,164,High
2,0,38,1,2920,24,10,18,3,1,1,30,157.76,0,76.84210526315789,0.631578947368421,0.2631578947368421,0,1,52,Medium
10,0,39,0,3070,43,19,20,3,1,2,30,200.52,1,78.71794871794872,1.1025641025641026,0.48717948717948717,0,1,82,Medium
10,1,40,0,2348,46,44,35,3,1,2,30,271.76,1,58.7,1.15,1.1,1,1,125,High
1,0,40,0,213,4,10,6,3,1,2,30,48.68,1,5.325,0.1,0.25,0,1,20,Low
2,0,40,1,1748,27,10,10,4,1,1,45,69.375,0,43.7,0.675,0.25,0,1,47,Low
4,0,37,2,6865,99,24,26,5,1,1,55,140.46,0,185.54054054054055,2.675675675675676,0.6486486486486487,0,1,149,Medium
1,1,40,0,708,9,19,8,4,1,2,45,65.425,1,17.7,0.225,0.475,1,1,36,Low
1,0,40,2,418,6,14,6,5,1,1,55,27.36,0,10.45,0.15,0.35,0,1,26,Low
26,0,35,4,16155,240,10,84,2,1,1,25,782.775,0,461.57142857142856,6.857142857142857,0.2857142857142857,0,1,334,High
7,1,38,4,7045,118,281,37,2,2,1,25,1586.835,0,185.39473684210526,3.1052631578947367,7.394736842105263,1,1,436,Very High
3,0,40,1,3798,84,12,32,3,1,1,30,203.28,0,94.95,2.1,0.3,0,1,128,Medium
4,0,39,0,1745,46,48,24,3,1,2,30,263.64,0,44.743589743589745,1.1794871794871795,1.2307692307692308,0,1,118,High
7,0,40,1,2860,55,185,27,2,1,1,25,963.675,0,71.5,1.375,4.625,0,1,267,Very High
5,0,31,2,1395,38,203,15,2,2,1,25,977.985,0,45.0,1.2258064516129032,6.548387096774194,0,1,256,Very High
5,0,30,1,1648,41,40,72,4,1,1,45,142.225,0,54.93333333333333,1.3666666666666667,1.3333333333333333,0,1,153,Medium
12,0,31,0,780,27,20,11,3,1,2,30,112.28,0,25.161290322580644,0.8709677419354839,0.6451612903225806,0,1,58,Low
1,0,30,0,905,12,31,7,4,1,2,45,100.425,0,30.166666666666668,0.4,1.0333333333333334,0,1,50,Low
11,0,29,1,1305,34,29,17,2,1,1,25,190.755,0,45.0,1.1724137931034482,1.0,0,1,80,Medium
3,0,29,1,3305,63,18,27,3,1,1,30,206.72,0,113.96551724137932,2.1724137931034484,0.6206896551724138,0,1,108,Medium
3,0,22,1,1775,28,38,18,2,1,1,25,252.135,0,80.68181818181819,1.2727272727272727,1.7272727272727273,0,1,84,High
17,0,21,2,6473,143,95,46,2,2,1,25,725.22,0,308.23809523809524,6.809523809523809,4.523809523809524,0,1,284,High
13,0,19,1,9013,173,83,44,5,1,1,55,262.29,0,474.36842105263156,9.105263157894736,4.368421052631579,0,1,300,High
9,0,20,4,2933,47,41,23,3,1,1,30,283.2,0,146.65,2.35,2.05,0,1,111,High
3,0,13,2,4470,42,225,14,3,1,1,30,1080.48,0,343.84615384615387,3.230769230769231,17.307692307692307,0,1,281,Very High
4,0,13,2,1568,21,10,11,3,1,1,30,103.56,1,120.61538461538461,1.6153846153846154,0.7692307692307693,0,1,42,Low
7,0,34,0,4290,69,0,13,2,1,1,25,196.155,0,126.17647058823529,2.0294117647058822,0.0,0,1,82,Medium
0,0,35,0,0,0,0,0,2,1,2,25,0.0,0,0.0,0.0,0.0,0,0,0,Low
9,0,33,0,2373,58,349,20,2,1,1,25,1679.895,0,71.9090909090909,1.7575757575757576,10.575757575757576,0,1,427,Very High
9,0,34,0,4118,64,0,31,1,1,1,15,230.01,0,121.11764705882354,1.8823529411764706,0.0,0,1,95,Medium
2,0,34,0,2313,56,0,29,1,1,1,15,130.295,0,68.02941176470588,1.6470588235294117,0.0,0,1,85,Medium
10,0,34,0,3695,80,22,24,3,1,1,30,239.0,0,108.67647058823529,2.3529411764705883,0.6470588235294118,0,1,126,High
3,0,34,0,2280,37,275,14,3,1,1,30,1192.68,0,67.05882352941177,1.088235294117647,8.088235294117647,0,1,326,Very High
12,0,33,1,9035,119,134,39,3,1,1,30,902.16,0,273.7878787878788,3.606060606060606,4.0606060606060606,0,1,292,Very High
6,0,34,0,13693,167,0,40,3,1,1,30,554.4,0,402.7352941176471,4.911764705882353,0.0,0,1,207,High
6,0,34,0,4435,81,0,21,3,1,1,30,180.64,0,130.44117647058823,2.3823529411764706,0.0,0,1,102,Medium
5,0,34,0,5838,93,0,8,2,1,1,25,266.895,0,171.7058823529412,2.735294117647059,0.0,0,1,101,High
8,0,34,0,2158,52,0,13,3,1,2,30,88.4,0,63.470588235294116,1.5294117647058822,0.0,0,1,65,Low
24,0,34,2,15060,223,44,28,3,1,1,30,787.32,0,442.94117647058823,6.5588235294117645,1.2941176470588236,0,1,295,High
3,0,34,0,3015,25,473,4,3,1,1,30,2013.6,0,88.67647058823529,0.7352941176470589,13.911764705882353,0,1,502,Very High
8,0,33,0,15405,180,140,26,2,1,1,25,1331.325,0,466.8181818181818,5.454545454545454,4.242424242424242,0,1,346,Very High
2,0,33,0,6420,84,176,22,3,1,1,30,964.16,0,194.54545454545453,2.5454545454545454,5.333333333333333,0,1,282,Very High
0,0,33,0,795,12,0,7,2,1,2,25,36.315,0,24.09090909090909,0.36363636363636365,0.0,0,0,19,Low
1,0,34,0,630,12,3,4,2,1,2,25,42.39,0,18.529411764705884,0.35294117647058826,0.08823529411764706,0,1,19,Low
0,0,33,0,0,0,0,0,2,1,2,25,0.0,1,0.0,0.0,0.0,0,0,0,Low
2,0,33,0,7428,125,374,39,2,1,1,25,2022.885,0,225.0909090909091,3.787878787878788,11.333333333333334,0,1,538,Very High
6,0,33,0,11385,152,1,43,3,1,1,30,465.48,0,345.0,4.606060606060606,0.030303030303030304,0,1,196,High
7,0,33,0,6638,73,98,33,2,1,1,25,742.995,0,201.15151515151516,2.212121212121212,2.9696969696969697,0,1,204,High
22,0,29,0,875,45,6,13,2,1,2,25,68.4,1,30.17241379310345,1.5517241379310345,0.20689655172413793,0,1,64,Low
20,0,32,7,10355,91,0,38,4,1,1,45,261.15,0,323.59375,2.84375,0.0,0,1,129,High
12,1,32,0,5738,96,16,20,2,1,1,25,334.53,1,179.3125,3.0,0.5,1,1,132,High
0,0,30,0,2760,20,0,10,3,1,1,30,111.2,0,92.0,0.6666666666666666,0.0,0,0,30,Low
8,1,31,0,2910,39,0,12,3,1,2,30,117.96,1,93.87096774193549,1.2580645161290323,0.0,1,1,51,Medium
8,0,32,0,2188,42,24,27,3,1,2,30,185.2,1,68.375,1.3125,0.75,0,1,93,Medium
0,1,32,0,0,0,0,0,3,1,2,30,0.0,1,0.0,0.0,0.0,1,0,0,Low
0,0,32,0,1588,23,0,2,3,1,1,30,64.44,0,49.625,0.71875,0.0,0,0,25,Low
2,0,29,0,6705,95,4,18,4,1,1,45,180.0,0,231.20689655172413,3.2758620689655173,0.13793103448275862,0,1,117,Medium
0,0,32,0,0,0,0,0,4,1,2,45,0.0,1,0.0,0.0,0.0,0,0,0,Low
0,0,32,0,0,0,0,0,5,1,1,55,0.0,0,0.0,0.0,0.0,0,0,0,Low
24,0,27,2,15995,236,0,76,2,1,1,25,730.395,0,592.4074074074074,8.74074074074074,0.0,0,1,312,High
5,0,30,2,6885,114,261,29,2,2,1,25,1489.455,0,229.5,3.8,8.7,0,1,404,Very High
1,0,32,0,3638,80,0,24,2,1,1,25,167.31,0,113.6875,2.5,0.0,0,1,104,Medium
2,0,31,0,1585,42,28,16,3,1,2,30,177.08,0,51.12903225806452,1.3548387096774193,0.9032258064516129,0,1,86,Medium
5,0,32,0,2700,51,165,19,2,1,1,25,866.295,0,84.375,1.59375,5.15625,0,1,235,Very High
3,0,23,0,1235,34,183,7,2,2,1,25,880.605,0,53.69565217391305,1.4782608695652173,7.956521739130435,0,1,224,Very High
3,0,22,0,1488,37,20,64,4,1,1,45,88.125,0,67.63636363636364,1.6818181818181819,0.9090909090909091,0,1,121,Low
10,0,23,0,620,23,0,3,2,1,2,25,28.935,0,26.956521739130434,1.0,0.0,0,1,26,Low
0,0,22,0,0,0,11,0,4,1,2,45,27.5,0,0.0,0.0,0.5,0,0,11,Low
9,0,21,0,1145,30,9,9,2,1,1,25,93.375,0,54.523809523809526,1.4285714285714286,0.42857142857142855,0,1,48,Low
1,0,21,0,3145,59,0,19,3,1,1,30,128.16,0,149.76190476190476,2.8095238095238093,0.0,0,1,78,Medium
1,0,14,0,1615,24,18,10,2,1,1,25,154.755,0,115.35714285714286,1.7142857142857142,1.2857142857142858,0,1,52,Medium
15,0,13,0,6313,139,75,38,1,2,1,15,767.36,0,485.61538461538464,10.692307692307692,5.769230769230769,0,1,252,High
11,0,11,0,8853,169,63,36,4,1,1,45,383.05,0,804.8181818181819,15.363636363636363,5.7272727272727275,0,1,268,High
7,0,12,2,2773,43,21,15,3,1,1,30,196.64,0,231.08333333333334,3.5833333333333335,1.75,0,1,79,Medium
1,0,5,0,4310,38,205,6,3,1,1,30,993.92,0,862.0,7.6,41.0,0,1,249,Very High
2,0,5,0,1408,17,0,3,3,1,1,30,57.0,1,281.6,3.4,0.0,0,1,20,Low
13,0,44,1,4630,81,20,23,3,1,1,30,268.44,0,105.22727272727273,1.8409090909090908,0.45454545454545453,0,1,124,High
5,0,45,0,578,15,22,10,3,1,2,30,111.72,0,12.844444444444445,0.3333333333333333,0.4888888888888889,0,1,47,Low
15,0,43,1,2713,70,374,30,3,1,1,30,1607.32,0,63.093023255813954,1.627906976744186,8.69767441860465,0,1,474,Very High
15,0,44,1,4458,76,16,41,1,1,1,15,337.37,0,101.31818181818181,1.7272727272727273,0.36363636363636365,0,1,133,High
8,0,44,1,2653,68,17,39,2,1,1,25,198.945,0,60.29545454545455,1.5454545454545454,0.38636363636363635,0,1,124,Medium
16,0,44,2,4035,92,47,34,3,1,1,30,353.08,0,91.70454545454545,2.090909090909091,1.0681818181818181,0,1,173,High
9,0,44,1,2620,49,300,24,3,1,1,30,1306.76,0,59.54545454545455,1.1136363636363635,6.818181818181818,0,1,373,Very High
18,0,43,3,9375,131,159,49,3,1,1,30,1016.24,0,218.02325581395348,3.046511627906977,3.697674418604651,0,1,339,Very High
12,0,44,1,14033,179,15,50,3,1,1,30,628.48,0,318.9318181818182,4.068181818181818,0.3409090909090909,0,1,244,High
12,0,44,2,4775,93,17,31,3,1,1,30,262.72,0,108.52272727272727,2.1136363636363638,0.38636363636363635,0,1,141,High
11,0,44,1,6178,105,22,18,3,1,1,30,339.32,0,140.4090909090909,2.3863636363636362,0.5,0,1,145,High
14,1,44,0,2498,64,23,23,3,1,2,30,194.48,0,56.77272727272727,1.4545454545454546,0.5227272727272727,1,1,110,Medium
30,0,44,4,15400,235,69,38,3,1,1,30,901.4,0,350.0,5.340909090909091,1.5681818181818181,0,1,342,Very High
9,0,44,2,3355,37,498,14,3,1,1,30,2127.68,0,76.25,0.8409090909090909,11.318181818181818,0,1,549,Very High
14,0,43,1,15745,192,165,36,2,1,1,25,1459.665,0,366.16279069767444,4.465116279069767,3.8372093023255816,0,1,393,Very High
8,0,43,2,6760,96,201,32,3,1,1,30,1078.24,0,157.2093023255814,2.2325581395348837,4.674418604651163,0,1,329,Very High
5,0,43,0,1135,24,15,17,2,1,2,25,119.655,0,26.3953488372093,0.5581395348837209,0.3488372093023256,0,1,56,Medium
7,0,44,0,970,24,28,14,3,1,2,30,151.76,0,22.045454545454547,0.5454545454545454,0.6363636363636364,0,1,66,Medium
5,0,43,0,260,10,15,6,2,1,2,25,79.65,1,6.046511627906977,0.23255813953488372,0.3488372093023256,0,1,31,Low
8,0,43,1,7768,137,399,49,3,1,1,30,1912.2,0,180.65116279069767,3.186046511627907,9.279069767441861,0,1,585,Very High
12,0,43,2,11725,164,26,53,4,1,1,45,362.225,0,272.6744186046512,3.813953488372093,0.6046511627906976,0,1,243,High
13,0,43,2,6978,85,123,43,2,1,1,25,871.335,0,162.27906976744185,1.9767441860465116,2.86046511627907,0,1,251,Very High
28,1,39,0,1215,57,31,23,3,1,2,30,174.88,1,31.153846153846153,1.4615384615384615,0.7948717948717948,1,1,111,Medium
26,0,42,9,10695,103,16,48,5,2,1,55,185.97,0,254.64285714285714,2.4523809523809526,0.38095238095238093,0,1,167,Medium
18,0,42,2,6078,108,41,30,2,1,1,25,462.87,0,144.71428571428572,2.5714285714285716,0.9761904761904762,0,1,179,High
6,0,40,1,3100,32,15,20,3,1,1,30,185.28,0,77.5,0.8,0.375,0,1,67,Medium
14,1,41,0,3250,51,24,22,3,1,2,30,228.04,1,79.26829268292683,1.2439024390243902,0.5853658536585366,1,1,97,Medium
14,1,42,0,2528,54,49,37,4,1,2,45,187.05,1,60.19047619047619,1.2857142857142858,1.1666666666666667,1,1,140,Medium
5,0,42,0,393,12,15,8,3,1,2,30,76.2,1,9.357142857142858,0.2857142857142857,0.35714285714285715,0,1,35,Low
6,0,42,1,1928,35,15,12,4,1,1,45,86.575,0,45.904761904761905,0.8333333333333334,0.35714285714285715,0,1,62,Low
8,0,39,2,7045,107,29,28,5,1,1,55,150.78,0,180.64102564102564,2.7435897435897436,0.7435897435897436,0,1,164,Medium
5,0,42,0,888,17,24,10,4,1,2,45,82.625,1,21.142857142857142,0.40476190476190477,0.5714285714285714,0,1,51,Low
5,0,42,2,598,14,19,8,5,1,1,55,37.68,0,14.238095238095237,0.3333333333333333,0.4523809523809524,0,1,41,Low
30,1,37,4,16335,248,15,86,2,1,1,25,813.735,0,441.4864864864865,6.702702702702703,0.40540540540540543,1,1,349,Very High
11,1,40,4,7225,126,286,39,3,2,1,30,1438.04,0,180.625,3.15,7.15,1,1,451,Very High
7,0,42,1,3978,92,17,34,3,1,1,30,230.8,0,94.71428571428571,2.1904761904761907,0.40476190476190477,0,1,143,Medium
8,0,41,0,1925,54,53,26,3,1,2,30,291.16,0,46.951219512195124,1.3170731707317074,1.2926829268292683,0,1,133,High
11,0,42,1,3040,63,190,29,2,1,1,25,994.635,0,72.38095238095238,1.5,4.523809523809524,0,1,282,Very High
9,0,33,2,1575,46,208,17,3,2,1,30,896.84,0,47.72727272727273,1.393939393939394,6.303030303030303,0,1,271,Very High
9,0,32,1,1828,49,45,74,5,1,1,55,95.655,0,57.125,1.53125,1.40625,0,1,168,Low
16,0,33,0,960,35,25,13,3,1,2,30,139.8,0,29.09090909090909,1.0606060606060606,0.7575757575757576,0,1,73,Medium
5,0,32,0,1085,20,36,9,4,1,2,45,117.625,0,33.90625,0.625,1.125,0,1,65,Medium
15,0,31,1,1485,42,34,19,2,1,1,25,221.715,0,47.903225806451616,1.3548387096774193,1.096774193548387,0,1,95,Medium
7,0,31,1,3485,71,23,29,3,1,1,30,234.24,0,112.41935483870968,2.2903225806451615,0.7419354838709677,0,1,123,High
7,0,24,1,1955,36,43,20,3,1,1,30,251.64,0,81.45833333333333,1.5,1.7916666666666667,0,1,99,High
21,0,23,2,6653,151,100,48,2,2,1,25,756.18,0,289.2608695652174,6.565217391304348,4.3478260869565215,0,1,299,High
17,0,21,1,9193,181,88,46,5,1,1,55,272.61,0,437.76190476190476,8.619047619047619,4.190476190476191,0,1,315,High
13,0,22,4,3113,55,46,25,3,1,1,30,310.72,0,141.5,2.5,2.090909090909091,0,1,126,High
7,0,15,2,4650,50,230,16,3,1,1,30,1108.0,0,310.0,3.3333333333333335,15.333333333333334,0,1,296,Very High
8,1,15,2,1748,29,15,13,3,1,1,30,131.08,1,116.53333333333333,1.9333333333333333,1.0,1,1,57,Medium
3,0,32,0,4110,61,0,11,2,1,1,25,187.695,0,128.4375,1.90625,0.0,0,1,72,Medium
0,0,33,0,0,0,0,0,2,1,2,25,0.0,0,0.0,0.0,0.0,0,0,0,Low
5,0,31,0,2193,50,344,18,2,1,1,25,1648.935,0,70.74193548387096,1.6129032258064515,11.096774193548388,0,1,412,Very High
5,0,32,0,3938,56,0,29,1,1,1,15,219.67,0,123.0625,1.75,0.0,0,1,85,Medium
0,0,32,0,2133,48,0,27,1,1,1,15,119.955,0,66.65625,1.5,0.0,0,0,75,Medium
6,0,32,0,3515,72,17,22,2,1,1,25,237.915,0,109.84375,2.25,0.53125,0,1,111,High
0,0,32,0,2100,29,270,12,3,1,1,30,1165.16,0,65.625,0.90625,8.4375,0,0,311,Very High
8,0,31,1,8855,111,129,37,3,1,1,30,874.64,0,285.64516129032256,3.5806451612903225,4.161290322580645,0,1,277,Very High
2,0,32,0,13513,159,0,38,3,1,1,30,546.88,0,422.28125,4.96875,0.0,0,1,197,High
2,0,32,0,4255,73,0,19,3,1,1,30,173.12,0,132.96875,2.28125,0.0,0,1,92,Medium
1,0,32,0,5658,85,0,6,2,1,1,25,258.435,0,176.8125,2.65625,0.0,0,1,91,High
4,0,32,0,1978,44,0,11,3,1,2,30,80.88,0,61.8125,1.375,0.0,0,1,55,Low
20,0,32,2,14880,215,39,26,3,1,1,30,759.8,0,465.0,6.71875,1.21875,0,1,280,High
0,0,32,0,2835,17,468,2,3,1,1,30,1986.08,0,88.59375,0.53125,14.625,0,0,487,Very High
4,0,31,0,15225,172,135,24,2,1,1,25,1300.365,0,491.1290322580645,5.548387096774194,4.354838709677419,0,1,331,Very High
0,0,31,0,6240,76,171,20,3,1,1,30,936.64,0,201.29032258064515,2.4516129032258065,5.516129032258065,0,0,267,Very High
0,0,31,0,615,4,0,5,2,1,2,25,27.855,0,19.838709677419356,0.12903225806451613,0.0,0,0,9,Low
0,0,32,0,450,4,0,2,2,1,2,25,20.43,0,14.0625,0.125,0.0,0,0,6,Low
0,0,31,0,0,0,0,0,2,1,2,25,0.0,1,0.0,0.0,0.0,0,0,0,Low
0,0,31,0,7248,117,369,37,2,1,1,25,1991.925,0,233.80645161290323,3.774193548387097,11.903225806451612,0,0,523,Very High
2,0,31,0,11205,144,0,41,3,1,1,30,453.96,0,361.4516129032258,4.645161290322581,0.0,0,1,185,High
3,0,31,0,6458,65,93,31,2,1,1,25,712.035,0,208.32258064516128,2.096774193548387,3.0,0,1,189,High
18,1,27,0,695,37,1,11,2,1,2,25,37.44,1,25.74074074074074,1.3703703703703705,0.037037037037037035,1,1,49,Low
16,0,30,7,10175,83,0,36,4,1,1,45,256.45,0,339.1666666666667,2.7666666666666666,0.0,0,1,119,High
8,1,30,0,5558,88,11,18,2,1,1,25,303.57,1,185.26666666666668,2.933333333333333,0.36666666666666664,1,1,117,High
0,0,28,0,2580,12,0,8,3,1,1,30,103.68,0,92.14285714285714,0.42857142857142855,0.0,0,0,20,Low
4,0,29,0,2730,31,0,10,2,1,2,25,124.245,1,94.13793103448276,1.0689655172413792,0.0,0,1,41,Medium
4,1,30,0,2008,34,19,25,3,1,2,30,157.68,1,66.93333333333334,1.1333333333333333,0.6333333333333333,1,1,78,Medium
0,0,30,0,0,0,0,0,3,1,2,30,0.0,1,0.0,0.0,0.0,0,0,0,Low
0,0,30,0,0,0,0,0,3,1,1,30,0.0,0,0.0,0.0,0.0,0,0,0,Low
0,0,27,0,6525,87,0,16,4,1,1,45,165.3,0,241.66666666666666,3.2222222222222223,0.0,0,0,103,Medium
0,1,30,0,0,0,0,0,4,1,2,45,0.0,1,0.0,0.0,0.0,1,0,0,Low
0,1,30,0,0,0,0,0,5,1,1,55,0.0,1,0.0,0.0,0.0,1,0,0,Low
20,0,25,2,15815,228,0,74,2,1,1,25,721.935,0,632.6,9.12,0.0,0,1,302,High
1,0,28,2,6705,106,256,27,2,2,1,25,1458.495,0,239.46428571428572,3.7857142857142856,9.142857142857142,0,1,389,Very High
0,0,30,0,3458,72,0,22,2,1,1,25,158.85,0,115.26666666666667,2.4,0.0,0,0,94,Medium
0,0,29,0,1405,34,23,14,3,1,2,30,149.56,0,48.44827586206897,1.1724137931034482,0.7931034482758621,0,0,71,Medium
1,0,30,0,2520,43,160,17,2,1,1,25,835.335,0,84.0,1.4333333333333333,5.333333333333333,0,1,220,Very High
0,0,21,0,1055,26,178,5,2,2,1,25,849.645,0,50.23809523809524,1.2380952380952381,8.476190476190476,0,0,209,Very High
0,0,20,0,1308,29,15,62,4,1,1,45,70.925,0,65.4,1.45,0.75,0,0,106,Low
6,0,21,0,440,15,0,1,2,1,2,25,20.475,0,20.952380952380953,0.7142857142857143,0.0,0,1,16,Low
0,0,20,0,0,0,6,0,4,1,2,45,15.0,0,0.0,0.0,0.3,0,0,6,Low
5,0,19,0,965,22,4,7,2,1,1,25,62.415,0,50.78947368421053,1.1578947368421053,0.21052631578947367,0,1,33,Low
0,0,19,0,2965,51,0,17,3,1,1,30,120.64,0,156.05263157894737,2.6842105263157894,0.0,0,0,68,Medium
0,0,12,0,1435,16,13,8,2,1,1,25,123.795,0,119.58333333333333,1.3333333333333333,1.0833333333333333,0,0,37,Medium
11,0,11,0,6133,131,70,36,1,2,1,15,729.52,0,557.5454545454545,11.909090909090908,6.363636363636363,0,1,237,High
7,0,9,0,8673,161,58,34,4,1,1,45,365.85,0,963.6666666666666,17.88888888888889,6.444444444444445,0,1,253,High
3,0,10,2,2593,35,16,13,3,1,1,30,169.12,0,259.3,3.5,1.6,0,1,64,Medium
0,0,3,0,4130,30,200,4,3,1,1,30,966.4,0,1376.6666666666667,10.0,66.66666666666667,0,0,234,Very High
0,1,3,0,1228,9,0,1,2,1,1,25,55.665,1,409.3333333333333,3.0,0.0,1,0,10,Low
10,0,41,0,4550,79,16,22,3,1,1,30,249.16,0,110.97560975609755,1.9268292682926829,0.3902439024390244,0,1,117,High
2,0,42,0,498,13,18,9,2,1,2,25,103.995,0,11.857142857142858,0.30952380952380953,0.42857142857142855,0,1,40,Low
12,0,40,0,2633,68,370,29,3,1,1,30,1588.04,0,65.825,1.7,9.25,0,1,467,Very High
12,0,41,0,4378,74,12,40,1,1,1,15,310.86,0,106.78048780487805,1.8048780487804879,0.2926829268292683,0,1,126,High
5,0,41,0,2573,66,13,38,1,1,1,15,216.645,0,62.75609756097561,1.6097560975609757,0.3170731707317073,0,1,117,Medium
13,0,41,1,3955,90,43,33,3,1,1,30,333.8,0,96.46341463414635,2.1951219512195124,1.048780487804878,0,1,166,High
6,0,41,0,2540,47,296,23,3,1,1,30,1287.48,0,61.951219512195124,1.146341463414634,7.219512195121951,0,1,366,Very High
15,0,40,2,9295,129,155,48,3,1,1,30,996.96,0,232.375,3.225,3.875,0,1,332,Very High
9,0,41,0,13953,177,11,49,3,1,1,30,609.2,0,340.3170731707317,4.317073170731708,0.2682926829268293,0,1,237,High
9,0,41,1,4695,91,13,30,3,1,1,30,243.44,0,114.51219512195122,2.2195121951219514,0.3170731707317073,0,1,134,High
8,0,41,0,6098,103,18,17,3,1,1,30,320.04,0,148.73170731707316,2.5121951219512195,0.43902439024390244,0,1,138,High
11,0,41,0,2418,62,19,22,3,1,2,30,175.2,0,58.97560975609756,1.5121951219512195,0.4634146341463415,0,1,103,Medium
27,0,41,3,15320,233,65,37,3,1,1,30,882.12,0,373.6585365853659,5.682926829268292,1.5853658536585367,0,1,335,Very High
6,0,41,1,3275,35,494,13,3,1,1,30,2108.4,0,79.8780487804878,0.8536585365853658,12.048780487804878,0,1,542,Very High
11,0,40,0,15665,190,161,35,2,1,1,25,1437.975,0,391.625,4.75,4.025,0,1,386,Very High
5,0,40,1,6680,94,197,31,3,1,1,30,1058.96,0,167.0,2.35,4.925,0,1,322,Very High
2,0,40,0,1055,22,11,16,2,1,2,25,97.965,0,26.375,0.55,0.275,0,1,49,Low
4,0,41,0,890,22,24,13,3,1,2,30,132.48,0,21.70731707317073,0.5365853658536586,0.5853658536585366,0,1,59,Medium
2,0,40,0,180,8,11,5,2,1,2,25,57.96,1,4.5,0.2,0.275,0,1,24,Low
5,0,40,0,7688,135,395,48,2,1,1,25,2129.535,0,192.2,3.375,9.875,0,1,578,Very High
9,0,40,1,11645,162,22,52,4,1,1,45,350.175,0,291.125,4.05,0.55,0,1,236,High
10,0,40,1,6898,83,119,42,2,1,1,25,849.645,0,172.45,2.075,2.975,0,1,244,Very High
25,1,36,0,1135,55,27,22,2,1,2,25,175.05,1,31.52777777777778,1.5277777777777777,0.75,1,1,104,Medium
23,0,39,8,10615,101,12,47,5,1,1,55,178.74,0,272.1794871794872,2.58974358974359,0.3076923076923077,0,1,160,Medium
15,0,39,1,5998,106,37,29,2,1,1,25,441.18,0,153.7948717948718,2.717948717948718,0.9487179487179487,0,1,172,High
3,0,37,0,3020,30,11,19,3,1,1,30,166.0,0,81.62162162162163,0.8108108108108109,0.2972972972972973,0,1,60,Medium
11,1,38,0,3170,49,20,21,3,1,2,30,208.76,1,83.42105263157895,1.2894736842105263,0.5263157894736842,1,1,90,Medium
11,1,39,0,2448,52,45,36,3,1,2,30,280.0,1,62.76923076923077,1.3333333333333333,1.1538461538461537,1,1,133,High
2,1,39,0,313,10,11,7,3,1,2,30,56.92,1,8.025641025641026,0.2564102564102564,0.28205128205128205,1,1,28,Low
3,0,39,0,1848,33,11,11,3,1,1,30,119.24,0,47.38461538461539,0.8461538461538461,0.28205128205128205,0,1,55,Medium
5,0,36,1,6965,105,25,27,5,1,1,55,143.55,0,193.47222222222223,2.9166666666666665,0.6944444444444444,0,1,157,Medium
2,0,39,0,808,15,20,9,4,1,2,45,70.575,1,20.71794871794872,0.38461538461538464,0.5128205128205128,0,1,44,Low
2,0,39,1,518,12,15,7,5,1,1,55,30.45,0,13.282051282051283,0.3076923076923077,0.38461538461538464,0,1,34,Low
27,1,34,3,16255,246,11,85,2,1,1,25,792.045,0,478.0882352941176,7.235294117647059,0.3235294117647059,1,1,342,Very High
8,0,37,3,7145,124,282,38,2,2,1,25,1596.105,0,193.1081081081081,3.3513513513513513,7.621621621621622,0,1,444,Very High
4,0,39,0,3898,90,13,33,2,1,1,25,237.96,0,99.94871794871794,2.3076923076923075,0.3333333333333333,0,1,136,High
5,0,38,0,1845,52,49,25,3,1,2,30,271.88,0,48.55263157894737,1.368421052631579,1.2894736842105263,0,1,126,High
8,0,39,0,2960,61,186,28,2,1,1,25,972.945,0,75.8974358974359,1.564102564102564,4.769230769230769,0,1,275,Very High
6,1,30,1,1495,44,204,16,2,2,1,25,987.255,1,49.833333333333336,1.4666666666666666,6.8,1,1,264,Very High
6,0,29,0,1748,47,41,73,4,1,1,45,147.375,0,60.275862068965516,1.6206896551724137,1.4137931034482758,0,1,161,Medium
13,0,30,0,880,33,21,12,2,1,2,25,135.585,0,29.333333333333332,1.1,0.7,0,1,66,Medium
2,0,29,0,1005,18,32,8,4,1,2,45,105.575,0,34.6551724137931,0.6206896551724138,1.103448275862069,0,1,58,Low
12,0,28,0,1405,40,30,18,2,1,1,25,200.025,0,50.17857142857143,1.4285714285714286,1.0714285714285714,0,1,88,Medium
4,0,28,0,3405,69,19,28,3,1,1,30,214.96,0,121.60714285714286,2.4642857142857144,0.6785714285714286,0,1,116,Medium
4,0,21,0,1875,34,39,19,2,1,1,25,261.405,0,89.28571428571429,1.619047619047619,1.8571428571428572,0,1,92,High
18,0,20,1,6573,149,96,47,2,2,1,25,734.49,0,328.65,7.45,4.8,0,1,292,High
14,0,18,0,9113,179,84,45,4,1,1,45,442.3,0,506.27777777777777,9.944444444444445,4.666666666666667,0,1,308,High
10,0,19,3,3033,53,42,24,3,1,1,30,291.44,0,159.6315789473684,2.789473684210526,2.210526315789474,0,1,119,High
4,0,12,1,4570,48,226,15,3,1,1,30,1088.72,0,380.8333333333333,4.0,18.833333333333332,0,1,289,Very High
5,0,12,1,1668,27,11,12,3,1,1,30,111.8,1,139.0,2.25,0.9166666666666666,0,1,50,Low
6,0,35,0,4190,63,0,12,3,1,1,30,170.12,0,119.71428571428571,1.8,0.0,0,1,75,Medium
0,0,36,0,0,0,0,0,2,1,2,25,0.0,0,0.0,0.0,0.0,0,0,0,Low
8,0,34,0,2273,52,348,19,3,1,1,30,1485.0,0,66.8529411764706,1.5294117647058822,10.235294117647058,0,1,419,Very High
8,0,35,0,4018,58,0,30,1,1,1,15,224.18,0,114.8,1.6571428571428573,0.0,0,1,88,Medium
1,0,35,0,2213,50,0,28,1,1,1,15,124.465,0,63.22857142857143,1.4285714285714286,0.0,0,1,78,Medium
9,0,35,1,3595,74,21,23,3,1,1,30,230.76,0,102.71428571428571,2.1142857142857143,0.6,0,1,118,Medium
2,0,35,0,2180,31,274,13,3,1,1,30,1184.44,0,62.285714285714285,0.8857142857142857,7.828571428571428,0,1,318,Very High
11,0,34,2,8935,113,133,38,3,1,1,30,893.92,0,262.79411764705884,3.323529411764706,3.911764705882353,0,1,284,Very High
5,0,35,0,13593,161,0,39,3,1,1,30,550.16,0,388.37142857142857,4.6,0.0,0,1,200,High
5,0,35,1,4335,75,0,20,3,1,1,30,176.4,0,123.85714285714286,2.142857142857143,0.0,0,1,95,Medium
4,0,35,0,5738,87,0,7,3,1,1,30,233.0,0,163.94285714285715,2.4857142857142858,0.0,0,1,94,High
7,0,35,0,2058,46,0,12,3,1,2,30,84.16,0,58.8,1.3142857142857143,0.0,0,1,58,Low
23,0,35,3,14960,217,43,27,3,1,1,30,779.08,0,427.42857142857144,6.2,1.2285714285714286,0,1,287,High
2,0,35,1,2915,19,472,3,3,1,1,30,2005.36,0,83.28571428571429,0.5428571428571428,13.485714285714286,0,1,494,Very High
7,0,34,0,15305,174,139,25,2,1,1,25,1322.055,0,450.1470588235294,5.117647058823529,4.088235294117647,0,1,338,Very High
1,0,34,1,6320,78,175,21,3,1,1,30,955.92,0,185.88235294117646,2.2941176470588234,5.147058823529412,0,1,274,Very High
0,0,34,0,695,6,0,6,2,1,2,25,31.545,0,20.441176470588236,0.17647058823529413,0.0,0,0,12,Low
0,0,35,0,530,6,2,3,3,1,2,30,29.44,0,15.142857142857142,0.17142857142857143,0.05714285714285714,0,0,11,Low
0,1,34,0,0,0,0,0,2,1,2,25,0.0,1,0.0,0.0,0.0,1,0,0,Low
1,0,34,0,7328,119,373,38,2,1,1,25,2013.615,0,215.52941176470588,3.5,10.970588235294118,0,1,530,Very High
5,0,34,1,11285,146,0,42,4,1,1,45,285.775,0,331.9117647058824,4.294117647058823,0.0,0,1,188,High
6,0,34,1,6538,67,97,32,2,1,1,25,733.725,0,192.2941176470588,1.9705882352941178,2.8529411764705883,0,1,196,High
21,1,30,0,775,39,5,12,2,1,2,25,59.13,1,25.833333333333332,1.3,0.16666666666666666,1,1,56,Low
19,0,33,8,10255,85,0,37,5,1,1,55,155.1,0,310.75757575757575,2.5757575757575757,0.0,0,1,122,Medium
11,1,33,1,5638,90,15,19,2,1,1,25,325.26,1,170.84848484848484,2.727272727272727,0.45454545454545453,1,1,124,High
0,0,31,0,2660,14,0,9,3,1,1,30,106.96,0,85.80645161290323,0.45161290322580644,0.0,0,0,23,Low
7,0,32,0,2810,33,0,11,3,1,2,30,113.72,1,87.8125,1.03125,0.0,0,1,44,Low
7,1,33,0,2088,36,23,26,3,1,2,30,176.96,1,63.27272727272727,1.0909090909090908,0.696969696969697,1,1,85,Medium
0,0,33,0,0,0,0,0,3,1,2,30,0.0,1,0.0,0.0,0.0,0,0,0,Low
0,0,33,0,1488,17,0,1,3,1,1,30,60.2,0,45.09090909090909,0.5151515151515151,0.0,0,0,18,Low
1,0,30,1,6605,89,3,17,5,1,1,55,104.91,0,220.16666666666666,2.966666666666667,0.1,0,1,109,Low
0,0,33,0,0,0,0,0,4,1,2,45,0.0,1,0.0,0.0,0.0,0,0,0,Low
0,0,33,0,0,0,0,0,5,1,1,55,0.0,0,0.0,0.0,0.0,0,0,0,Low
23,0,28,3,15895,230,0,75,2,1,1,25,725.625,0,567.6785714285714,8.214285714285714,0.0,0,1,305,High
4,0,31,3,6785,108,260,28,2,2,1,25,1480.185,0,218.8709677419355,3.4838709677419355,8.387096774193548,0,1,396,Very High
0,0,33,0,3538,74,0,23,2,1,1,25,162.54,0,107.21212121212122,2.242424242424242,0.0,0,0,97,Medium
1,0,32,0,1485,36,27,15,3,1,2,30,168.84,0,46.40625,1.125,0.84375,0,1,78,Medium
4,0,33,0,2600,45,164,18,2,1,1,25,857.025,0,78.78787878787878,1.3636363636363635,4.96969696969697,0,1,227,Very High
2,0,24,1,1135,28,182,6,2,2,1,25,871.335,0,47.291666666666664,1.1666666666666667,7.583333333333333,0,1,216,Very High
2,0,23,0,1388,31,19,63,4,1,1,45,82.975,0,60.34782608695652,1.3478260869565217,0.8260869565217391,0,1,113,Low
9,0,24,0,520,17,0,2,2,1,2,25,24.165,0,21.666666666666668,0.7083333333333334,0.0,0,1,19,Low
0,0,23,0,0,0,10,0,4,1,2,45,25.0,0,0.0,0.0,0.43478260869565216,0,0,10,Low
8,0,22,0,1045,24,8,8,2,1,1,25,84.105,0,47.5,1.0909090909090908,0.36363636363636365,0,1,40,Low
0,0,22,0,3045,53,0,18,3,1,1,30,123.92,0,138.4090909090909,2.409090909090909,0.0,0,0,71,Medium
0,0,15,0,1515,18,17,9,2,1,1,25,145.485,0,101.0,1.2,1.1333333333333333,0,0,44,Medium
14,0,14,1,6213,133,74,37,2,2,1,25,618.57,0,443.7857142857143,9.5,5.285714285714286,0,1,244,High
10,0,12,0,8753,163,62,35,4,1,1,45,377.9,0,729.4166666666666,13.583333333333334,5.166666666666667,0,1,260,High
6,0,13,3,2673,37,20,14,3,1,1,30,188.4,0,205.6153846153846,2.8461538461538463,1.5384615384615385,0,1,71,Medium
0,0,6,1,4210,32,204,5,3,1,1,30,985.68,0,701.6666666666666,5.333333333333333,34.0,0,0,241,Very High
1,0,6,1,1308,11,0,2,3,1,1,30,52.76,1,218.0,1.8333333333333333,0.0,0,1,13,Low
12,0,38,2,4970,81,26,32,3,1,1,30,306.04,0,130.78947368421052,2.1315789473684212,0.6842105263157895,0,1,139,High
4,0,39,0,918,15,28,19,3,1,2,30,149.32,0,23.53846153846154,0.38461538461538464,0.717948717948718,0,1,62,Medium
14,0,37,2,3053,70,380,39,3,1,1,30,1644.92,0,82.51351351351352,1.8918918918918919,10.27027027027027,0,1,489,Very High
14,0,38,2,4798,76,22,50,1,1,1,15,389.07,0,126.26315789473684,2.0,0.5789473684210527,0,1,148,High
7,0,38,2,2993,68,23,48,2,1,1,25,241.245,0,78.76315789473684,1.7894736842105263,0.6052631578947368,0,1,139,High
15,0,38,3,4375,92,53,43,3,1,1,30,390.68,0,115.13157894736842,2.4210526315789473,1.394736842105263,0,1,188,High
8,0,38,2,2960,49,306,33,3,1,1,30,1344.36,0,77.89473684210526,1.2894736842105263,8.052631578947368,0,1,388,Very High
17,0,37,4,9715,131,165,58,3,2,1,30,1053.84,0,262.56756756756755,3.5405405405405403,4.45945945945946,0,1,354,Very High
11,0,38,2,14373,179,21,59,3,1,1,30,666.08,0,378.2368421052632,4.7105263157894735,0.5526315789473685,0,1,259,High
11,0,38,3,5115,93,23,40,3,1,1,30,300.32,0,134.60526315789474,2.4473684210526314,0.6052631578947368,0,1,156,High
10,0,38,2,6518,105,28,27,3,1,1,30,376.92,0,171.52631578947367,2.763157894736842,0.7368421052631579,0,1,160,High
13,0,38,0,2838,64,29,32,3,1,2,30,232.08,0,74.6842105263158,1.6842105263157894,0.7631578947368421,0,1,125,Medium
29,0,38,5,15740,235,75,47,3,1,1,30,939.0,0,414.2105263157895,6.184210526315789,1.9736842105263157,0,1,357,Very High
8,0,38,3,3695,37,504,23,3,1,1,30,2165.28,0,97.23684210526316,0.9736842105263158,13.263157894736842,0,1,564,Very High
13,0,37,2,16085,192,171,45,2,1,1,25,1501.965,0,434.72972972972974,5.1891891891891895,4.621621621621622,0,1,408,Very High
7,0,37,3,7100,96,207,41,3,1,1,30,1115.84,0,191.8918918918919,2.5945945945945947,5.594594594594595,0,1,344,Very High
4,0,37,0,1475,24,21,26,2,1,2,25,161.955,0,39.86486486486486,0.6486486486486487,0.5675675675675675,0,1,71,Medium
6,0,38,0,1310,24,34,23,3,1,2,30,189.36,0,34.473684210526315,0.631578947368421,0.8947368421052632,0,1,81,Medium
4,0,37,0,600,10,21,15,2,1,2,25,121.95,1,16.216216216216218,0.2702702702702703,0.5675675675675675,0,1,46,Medium
7,0,37,2,8108,137,405,58,3,1,1,30,1949.8,0,219.13513513513513,3.7027027027027026,10.945945945945946,0,1,600,Very High
11,0,37,3,12065,164,32,62,4,1,1,45,385.725,0,326.0810810810811,4.4324324324324325,0.8648648648648649,0,1,258,High
12,0,37,3,7318,85,129,52,2,1,1,25,913.635,0,197.78378378378378,2.2972972972972974,3.4864864864864864,0,1,266,Very High
27,1,33,0,1555,57,37,32,3,1,2,30,212.48,1,47.121212121212125,1.7272727272727273,1.121212121212121,1,1,126,Medium
25,0,36,10,11035,103,22,57,5,2,1,55,200.07,0,306.52777777777777,2.861111111111111,0.6111111111111112,0,1,182,Medium
17,0,36,3,6418,108,47,39,2,1,1,25,505.17,0,178.27777777777777,3.0,1.3055555555555556,0,1,194,High
5,0,34,2,3440,32,21,29,3,1,1,30,222.88,0,101.17647058823529,0.9411764705882353,0.6176470588235294,0,1,82,Medium
13,1,35,0,3590,51,30,31,3,1,2,30,265.64,1,102.57142857142857,1.457142857142857,0.8571428571428571,1,1,112,High
13,1,36,0,2868,54,55,46,3,1,2,30,336.88,1,79.66666666666667,1.5,1.5277777777777777,1,1,155,High
4,0,36,0,733,12,21,17,3,1,2,30,113.8,1,20.36111111111111,0.3333333333333333,0.5833333333333334,0,1,50,Low
5,0,36,2,2268,35,21,21,4,1,1,45,110.075,0,63.0,0.9722222222222222,0.5833333333333334,0,1,77,Low
7,0,33,3,7385,107,35,37,5,1,1,55,164.88,0,223.78787878787878,3.242424242424242,1.0606060606060606,0,1,179,Medium
4,0,36,0,1228,17,30,19,4,1,2,45,106.125,1,34.111111111111114,0.4722222222222222,0.8333333333333334,0,1,66,Low
4,0,36,3,938,14,25,17,5,1,1,55,51.78,0,26.055555555555557,0.3888888888888889,0.6944444444444444,0,1,56,Low
29,0,31,5,16675,248,21,95,2,1,1,25,856.035,0,537.9032258064516,8.0,0.6774193548387096,0,1,364,Very High
10,0,34,5,7565,126,292,48,2,2,1,25,1660.095,0,222.5,3.7058823529411766,8.588235294117647,0,1,466,Very High
6,0,36,2,4318,92,23,43,3,1,1,30,268.4,0,119.94444444444444,2.5555555555555554,0.6388888888888888,0,1,158,High
7,1,35,0,2265,54,59,35,3,1,2,30,328.76,1,64.71428571428571,1.542857142857143,1.6857142857142857,1,1,148,High
10,0,36,2,3380,63,196,38,2,1,1,25,1036.935,0,93.88888888888889,1.75,5.444444444444445,0,1,297,Very High
8,0,27,3,1915,46,214,26,2,2,1,25,1051.245,0,70.92592592592592,1.7037037037037037,7.925925925925926,0,1,286,Very High
8,0,26,2,2168,49,51,83,4,1,1,45,182.925,0,83.38461538461539,1.8846153846153846,1.9615384615384615,0,1,183,Medium
15,0,27,0,1300,35,31,22,3,1,2,30,177.4,0,48.148148148148145,1.2962962962962963,1.1481481481481481,0,1,88,Medium
4,0,26,0,1425,20,42,18,4,1,2,45,141.125,0,54.80769230769231,0.7692307692307693,1.6153846153846154,0,1,80,Medium
14,0,25,2,1825,42,40,28,2,1,1,25,264.015,0,73.0,1.68,1.6,0,1,110,High
6,0,25,2,3825,71,29,38,3,1,1,30,271.84,0,153.0,2.84,1.16,0,1,138,High
6,0,18,2,2295,36,49,29,2,1,1,25,325.395,0,127.5,2.0,2.7222222222222223,0,1,114,High
20,0,17,3,6993,151,106,57,2,2,1,25,798.48,0,411.3529411764706,8.882352941176471,6.235294117647059,0,1,314,Very High
16,0,15,2,9533,181,94,55,5,1,1,55,286.71,0,635.5333333333333,12.066666666666666,6.266666666666667,0,1,330,High
12,0,16,5,3453,55,52,34,3,1,1,30,348.32,0,215.8125,3.4375,3.25,0,1,141,High
6,0,9,3,4990,50,236,25,3,1,1,30,1145.6,0,554.4444444444445,5.555555555555555,26.22222222222222,0,1,311,Very High
7,1,9,3,2088,29,21,22,3,1,1,30,168.68,1,232.0,3.2222222222222223,2.3333333333333335,1,1,72,Medium
4,0,38,0,3770,61,0,2,2,1,1,25,172.395,0,99.21052631578948,1.605263157894737,0.0,0,1,63,Medium
0,0,39,0,0,0,0,0,2,1,2,25,0.0,0,0.0,0.0,0.0,0,0,0,Low
6,0,37,0,1853,50,338,9,2,1,1,25,1606.635,0,50.08108108108108,1.3513513513513513,9.135135135135135,0,1,397,Very High
6,0,38,0,3598,56,0,20,1,1,1,15,200.97,0,94.6842105263158,1.4736842105263157,0.0,0,1,76,Medium
0,0,38,0,1793,48,0,18,1,1,1,15,101.255,0,47.18421052631579,1.263157894736842,0.0,0,0,66,Low
7,0,38,0,3175,72,11,13,3,1,1,30,173.88,0,83.55263157894737,1.894736842105263,0.2894736842105263,0,1,96,Medium
0,0,38,0,1760,29,264,3,3,1,1,30,1127.56,0,46.31578947368421,0.7631578947368421,6.947368421052632,0,0,296,Very High
9,0,37,0,8515,111,123,28,3,1,1,30,837.04,0,230.13513513513513,3.0,3.324324324324324,0,1,262,Very High
3,0,38,0,13173,159,0,29,3,1,1,30,533.28,0,346.6578947368421,4.184210526315789,0.0,0,1,188,High
3,0,38,0,3915,73,0,10,3,1,1,30,159.52,0,103.02631578947368,1.9210526315789473,0.0,0,1,83,Medium
2,0,38,0,5318,85,0,15,2,1,1,25,243.135,0,139.94736842105263,2.236842105263158,0.0,0,1,100,High
5,0,38,0,1638,44,0,2,3,1,2,30,67.28,0,43.10526315789474,1.1578947368421053,0.0,0,1,46,Low
21,0,38,1,14540,215,33,17,3,1,1,30,722.2,0,382.63157894736844,5.657894736842105,0.868421052631579,0,1,265,High
0,0,38,0,2495,17,462,7,3,1,1,30,1948.48,0,65.65789473684211,0.4473684210526316,12.157894736842104,0,0,486,Very High
5,0,37,0,14885,172,129,15,2,1,1,25,1258.065,0,402.2972972972973,4.648648648648648,3.4864864864864864,0,1,316,Very High
0,0,37,0,5900,76,165,11,3,1,1,30,899.04,0,159.45945945945945,2.054054054054054,4.45945945945946,0,0,252,Very High
0,0,37,0,275,4,0,1,2,1,2,25,12.555,0,7.4324324324324325,0.10810810810810811,0.0,0,0,5,Low
0,0,38,0,110,4,0,1,2,1,2,25,5.13,0,2.8947368421052633,0.10526315789473684,0.0,0,0,5,Low
0,0,37,0,6908,117,363,28,2,1,1,25,1949.625,0,186.7027027027027,3.1621621621621623,9.81081081081081,0,0,508,Very High
3,0,37,0,10865,144,0,32,3,1,1,30,440.36,0,293.64864864864865,3.891891891891892,0.0,0,1,176,High
4,0,37,0,6118,65,87,22,2,1,1,25,669.735,0,165.35135135135135,1.7567567567567568,2.3513513513513513,0,1,174,High
19,0,33,0,355,37,0,2,2,1,2,25,17.64,1,10.757575757575758,1.121212121212121,0.0,0,1,39,Low
17,0,36,6,9835,83,0,27,4,1,1,45,247.95,0,273.19444444444446,2.3055555555555554,0.0,0,1,110,High
9,1,36,0,5218,88,5,9,2,1,1,25,261.27,1,144.94444444444446,2.4444444444444446,0.1388888888888889,1,1,102,High
0,0,34,0,2240,12,0,4,3,1,1,30,90.08,0,65.88235294117646,0.35294117647058826,0.0,0,0,16,Low
5,0,35,0,2390,31,0,1,3,1,2,30,96.84,1,68.28571428571429,0.8857142857142857,0.0,0,1,32,Low
5,0,36,0,1668,34,13,16,3,1,2,30,120.08,1,46.333333333333336,0.9444444444444444,0.3611111111111111,0,1,63,Medium
0,0,36,0,0,0,0,0,3,1,2,30,0.0,1,0.0,0.0,0.0,0,0,0,Low
0,0,36,0,1068,15,0,3,3,1,1,30,43.32,0,29.666666666666668,0.4166666666666667,0.0,0,0,18,Low
0,0,33,0,6185,87,0,7,4,1,1,45,156.8,0,187.42424242424244,2.6363636363636362,0.0,0,0,94,Medium
0,0,36,0,0,0,0,0,4,1,2,45,0.0,1,0.0,0.0,0.0,0,0,0,Low
0,0,36,0,0,0,0,0,5,1,1,55,0.0,0,0.0,0.0,0.0,0,0,0,Low
21,0,31,1,15475,228,0,65,2,1,1,25,706.635,0,499.19354838709677,7.354838709677419,0.0,0,1,293,High
2,0,34,1,6365,106,250,18,2,2,1,25,1416.195,0,187.2058823529412,3.1176470588235294,7.352941176470588,0,1,374,Very High
0,0,36,0,3118,72,0,13,2,1,1,25,143.55,0,86.61111111111111,2.0,0.0,0,0,85,Medium
0,0,35,0,1065,34,17,5,3,1,2,30,111.96,0,30.428571428571427,0.9714285714285714,0.4857142857142857,0,0,56,Low
2,0,36,0,2180,43,154,8,2,1,1,25,793.035,0,60.55555555555556,1.1944444444444444,4.277777777777778,0,1,205,Very High
0,0,27,0,715,26,172,1,2,2,1,25,807.345,0,26.48148148148148,0.9629629629629629,6.37037037037037,0,0,199,Very High
0,0,26,0,968,29,9,53,4,1,1,45,47.425,0,37.23076923076923,1.1153846153846154,0.34615384615384615,0,0,91,Low
7,0,27,0,100,15,0,3,2,1,2,25,5.175,0,3.7037037037037037,0.5555555555555556,0.0,0,1,18,Low
0,0,26,0,0,0,0,0,4,1,2,45,0.0,0,0.0,0.0,0.0,0,0,0,Low
6,0,25,0,625,22,0,2,2,1,1,25,29.115,0,25.0,0.88,0.0,0,1,24,Low
0,0,25,0,2625,51,0,8,3,1,1,30,107.04,0,105.0,2.04,0.0,0,0,59,Low
0,0,18,0,1095,16,7,6,2,1,1,25,81.495,0,60.833333333333336,0.8888888888888888,0.3888888888888889,0,0,29,Low
12,0,17,0,5793,131,64,27,1,2,1,15,677.82,0,340.7647058823529,7.705882352941177,3.764705882352941,0,1,222,High
8,0,15,0,8333,161,52,25,4,1,1,45,342.35,0,555.5333333333333,10.733333333333333,3.466666666666667,0,1,238,High
4,0,16,1,2253,35,10,4,3,1,1,30,131.52,0,140.8125,2.1875,0.625,0,1,49,Medium
0,0,9,0,3790,30,194,23,3,1,1,30,928.8,0,421.1111111111111,3.3333333333333335,21.555555555555557,0,0,247,Very High
0,1,9,0,888,9,0,3,3,1,1,30,35.88,1,98.66666666666667,1.0,0.0,1,0,12,Low
8,0,39,1,4485,77,37,21,3,1,1,30,330.48,0,115.0,1.9743589743589745,0.9487179487179487,0,1,135,High
0,0,40,0,433,11,39,8,3,1,2,30,173.76,0,10.825,0.275,0.975,0,0,58,Medium
10,0,38,1,2568,66,391,28,3,1,1,30,1669.36,0,67.57894736842105,1.736842105263158,10.289473684210526,0,1,485,Very High
10,0,39,1,4313,72,33,39,1,1,1,15,422.675,0,110.58974358974359,1.8461538461538463,0.8461538461538461,0,1,144,High
3,0,39,1,2508,64,34,37,2,1,1,25,268.74,0,64.3076923076923,1.641025641025641,0.8717948717948718,0,1,135,High
11,0,39,2,3890,88,64,32,3,1,1,30,415.12,0,99.74358974358974,2.2564102564102564,1.641025641025641,0,1,184,High
4,0,39,1,2475,45,317,22,4,1,1,45,855.5,0,63.46153846153846,1.1538461538461537,8.128205128205128,0,1,384,Very High
13,0,38,3,9230,127,176,47,3,1,1,30,1078.28,0,242.89473684210526,3.3421052631578947,4.631578947368421,0,1,350,Very High
7,0,39,1,13888,175,32,48,3,1,1,30,690.52,0,356.1025641025641,4.487179487179487,0.8205128205128205,0,1,255,High
7,0,39,2,4630,89,34,29,3,1,1,30,324.76,0,118.71794871794872,2.282051282051282,0.8717948717948718,0,1,152,High
6,0,39,1,6033,101,39,16,3,1,1,30,401.36,0,154.69230769230768,2.58974358974359,1.0,0,1,156,High
9,1,39,0,2353,60,40,21,3,1,2,30,256.52,0,60.333333333333336,1.5384615384615385,1.0256410256410255,1,1,121,High
25,0,39,4,15255,231,86,36,3,1,1,30,963.44,0,391.15384615384613,5.923076923076923,2.2051282051282053,0,1,353,Very High
4,0,39,2,3210,33,515,12,4,1,1,45,1368.575,0,82.3076923076923,0.8461538461538461,13.205128205128204,0,1,560,Very High
9,0,38,1,15600,188,182,34,2,1,1,25,1529.46,0,410.5263157894737,4.947368421052632,4.7894736842105265,0,1,404,Very High
3,0,38,2,6615,92,218,30,3,1,1,30,1140.28,0,174.07894736842104,2.4210526315789473,5.7368421052631575,0,1,340,Very High
0,0,38,0,990,20,32,15,2,1,2,25,189.45,0,26.05263157894737,0.5263157894736842,0.8421052631578947,0,0,67,Medium
2,0,39,0,825,20,45,12,3,1,2,30,213.8,0,21.153846153846153,0.5128205128205128,1.1538461538461537,0,1,77,Medium
0,0,38,0,115,6,32,4,2,1,2,25,149.445,1,3.026315789473684,0.15789473684210525,0.8421052631578947,0,0,42,Medium
3,0,38,1,7623,133,416,47,3,1,1,30,1974.24,0,200.60526315789474,3.5,10.947368421052632,0,1,596,Very High
7,0,38,2,11580,160,43,51,4,1,1,45,401.0,0,304.7368421052632,4.2105263157894735,1.131578947368421,0,1,254,High
8,0,38,2,6833,81,140,41,2,1,1,25,941.13,0,179.81578947368422,2.1315789473684212,3.6842105263157894,0,1,262,Very High
23,1,34,0,1070,53,48,21,3,1,2,30,236.92,1,31.470588235294116,1.5588235294117647,1.411764705882353,1,1,122,High
21,0,37,9,10550,99,33,46,5,1,1,55,209.235,0,285.13513513513516,2.675675675675676,0.8918918918918919,0,1,178,Medium
13,0,37,2,5933,104,58,28,3,1,1,30,473.48,0,160.35135135135135,2.810810810810811,1.5675675675675675,0,1,190,High
1,0,35,1,2955,28,32,18,3,1,1,30,247.32,0,84.42857142857143,0.8,0.9142857142857143,0,1,78,High
9,1,36,0,3105,47,41,20,3,1,2,30,290.08,1,86.25,1.3055555555555556,1.1388888888888888,1,1,108,High
9,0,37,0,2383,50,66,35,4,1,2,45,225.825,1,64.4054054054054,1.3513513513513513,1.7837837837837838,0,1,151,Medium
0,0,37,0,248,8,32,6,3,1,2,30,138.24,1,6.702702702702703,0.21621621621621623,0.8648648648648649,0,0,46,Medium
1,0,37,1,1783,31,32,10,4,1,1,45,125.35,0,48.189189189189186,0.8378378378378378,0.8648648648648649,0,1,73,Medium
3,0,34,2,6900,103,46,26,5,1,1,55,174.045,0,202.94117647058823,3.0294117647058822,1.3529411764705883,0,1,175,Medium
0,0,37,0,743,13,41,8,4,1,2,45,121.4,1,20.08108108108108,0.35135135135135137,1.1081081081081081,0,0,62,Medium
0,0,37,2,453,10,36,6,5,1,1,55,60.945,0,12.243243243243244,0.2702702702702703,0.972972972972973,0,0,52,Low
25,0,32,4,16190,244,32,84,2,2,1,25,883.53,0,505.9375,7.625,1.0,0,1,360,Very High
6,0,35,4,7080,122,303,37,3,2,1,30,1500.08,0,202.28571428571428,3.4857142857142858,8.657142857142857,0,1,462,Very High
2,0,37,1,3833,88,34,32,3,1,1,30,292.84,0,103.5945945945946,2.3783783783783785,0.918918918918919,0,1,154,High
3,0,36,0,1780,50,70,24,4,1,2,45,220.75,0,49.44444444444444,1.3888888888888888,1.9444444444444444,0,1,144,Medium
6,0,37,1,2895,59,207,27,2,1,1,25,1064.43,0,78.24324324324324,1.5945945945945945,5.594594594594595,0,1,293,Very High
4,0,28,2,1430,42,225,15,3,2,1,30,958.88,0,51.07142857142857,1.5,8.035714285714286,0,1,282,Very High
4,0,27,1,1683,45,62,72,5,1,1,55,118.92,0,62.333333333333336,1.6666666666666667,2.2962962962962963,0,1,179,Medium
11,0,28,0,815,31,42,11,3,1,2,30,201.84,0,29.107142857142858,1.1071428571428572,1.5,0,1,84,Medium
0,0,27,0,940,16,53,7,4,1,2,45,156.4,0,34.81481481481482,0.5925925925925926,1.962962962962963,0,0,76,Medium
10,0,26,1,1340,38,51,17,2,1,1,25,291.51,0,51.53846153846154,1.4615384615384615,1.9615384615384615,0,1,106,High
2,0,26,1,3340,67,40,27,3,1,1,30,296.28,0,128.46153846153845,2.576923076923077,1.5384615384615385,0,1,134,High
2,0,19,1,1810,32,60,18,3,1,1,30,313.68,0,95.26315789473684,1.6842105263157894,3.1578947368421053,0,1,110,High
16,0,18,2,6508,147,117,46,2,2,1,25,825.975,0,361.55555555555554,8.166666666666666,6.5,0,1,310,Very High
12,0,16,1,9048,177,105,44,5,1,1,55,295.875,0,565.5,11.0625,6.5625,0,1,326,High
8,0,17,4,2968,51,63,23,3,2,1,30,372.76,0,174.58823529411765,3.0,3.7058823529411766,0,1,137,High
2,0,10,2,4505,46,247,14,3,1,1,30,1170.04,0,450.5,4.6,24.7,0,1,307,Very High
3,0,10,2,1603,25,32,11,3,1,1,30,193.12,1,160.3,2.5,3.2,0,1,68,Medium
8,0,37,0,4255,65,0,13,2,1,1,25,194.4,0,115.0,1.7567567567567568,0.0,0,1,78,Medium
0,0,38,0,0,0,0,0,2,1,2,25,0.0,0,0.0,0.0,0.0,0,0,0,Low
10,0,36,0,2338,54,327,20,2,1,1,25,1579.14,0,64.94444444444444,1.5,9.083333333333334,0,1,401,Very High
10,0,37,0,4083,60,0,31,1,1,1,15,227.865,0,110.35135135135135,1.6216216216216217,0.0,0,1,91,Medium
3,0,37,0,2278,52,0,29,1,1,1,15,128.15,0,61.567567567567565,1.4054054054054055,0.0,0,1,81,Medium
11,0,37,0,3660,76,0,24,2,1,1,25,168.12,0,98.91891891891892,2.054054054054054,0.0,0,1,100,Medium
4,0,37,0,2245,33,253,14,3,1,1,30,1103.12,0,60.67567567567568,0.8918918918918919,6.837837837837838,0,1,300,Very High
13,0,36,1,9000,115,112,39,3,1,1,30,812.6,0,250.0,3.1944444444444446,3.111111111111111,0,1,266,Very High
7,0,37,0,13658,163,0,40,3,1,1,30,552.84,0,369.13513513513516,4.405405405405405,0.0,0,1,203,High
7,0,37,0,4400,77,0,21,3,1,1,30,179.08,0,118.91891891891892,2.081081081081081,0.0,0,1,98,Medium
6,0,37,0,5803,89,0,8,2,1,1,25,265.14,0,156.83783783783784,2.4054054054054053,0.0,0,1,97,High
9,0,37,0,2123,48,0,13,3,1,2,30,86.84,0,57.37837837837838,1.2972972972972974,0.0,0,1,61,Low
25,0,37,2,15025,219,22,28,3,1,1,30,697.76,0,406.0810810810811,5.918918918918919,0.5945945945945946,0,1,269,High
4,0,37,0,2980,21,451,4,3,1,1,30,1924.04,0,80.54054054054055,0.5675675675675675,12.18918918918919,0,1,476,Very High
9,0,36,0,15370,176,118,26,2,1,1,25,1230.57,0,426.94444444444446,4.888888888888889,3.2777777777777777,0,1,320,Very High
3,0,36,0,6385,80,154,22,3,1,1,30,874.6,0,177.36111111111111,2.2222222222222223,4.277777777777778,0,1,256,Very High
0,0,36,0,760,8,0,7,2,1,2,25,34.56,0,21.11111111111111,0.2222222222222222,0.0,0,0,15,Low
2,0,37,0,595,8,0,4,2,1,2,25,27.135,0,16.08108108108108,0.21621621621621623,0.0,0,1,12,Low
0,1,36,0,0,0,0,0,2,1,2,25,0.0,1,0.0,0.0,0.0,1,0,0,Low
3,0,36,0,7393,121,352,39,2,1,1,25,1922.13,0,205.36111111111111,3.361111111111111,9.777777777777779,0,1,512,Very High
7,0,36,0,11350,148,0,43,3,1,1,30,459.92,0,315.27777777777777,4.111111111111111,0.0,0,1,191,High
8,0,36,0,6603,69,76,33,2,1,1,25,642.24,0,183.41666666666666,1.9166666666666667,2.111111111111111,0,1,178,High
23,0,32,0,840,41,0,13,2,1,2,25,39.645,1,26.25,1.28125,0.0,0,1,54,Low
21,0,35,7,10320,87,0,38,4,2,1,45,260.175,0,294.85714285714283,2.4857142857142858,0.0,0,1,125,High
13,1,35,0,5703,92,0,20,2,1,1,25,260.775,1,162.94285714285715,2.6285714285714286,0.0,1,1,112,High
1,0,33,0,2725,16,0,10,3,1,1,30,109.64,0,82.57575757575758,0.48484848484848486,0.0,0,1,26,Low
9,1,34,0,2875,35,0,12,2,1,2,25,130.95,1,84.55882352941177,1.0294117647058822,0.0,1,1,47,Medium
9,0,35,0,2153,38,2,27,3,1,2,30,95.64,1,61.51428571428571,1.0857142857142856,0.05714285714285714,0,1,67,Low
1,0,35,0,1553,19,0,2,3,1,1,30,62.88,0,44.371428571428574,0.5428571428571428,0.0,0,1,21,Low
3,0,32,0,6670,91,0,18,4,1,1,45,169.025,0,208.4375,2.84375,0.0,0,1,109,Medium
0,0,35,0,513,1,0,3,4,1,2,45,12.85,1,14.657142857142857,0.02857142857142857,0.0,0,0,4,Low
0,0,35,0,0,0,0,0,4,1,1,45,0.0,0,0.0,0.0,0.0,0,0,0,Low
25,0,30,2,15960,232,0,76,2,1,1,25,728.64,0,532.0,7.733333333333333,0.0,0,1,308,High
6,0,33,2,6850,110,239,29,2,2,1,25,1388.7,0,207.57575757575756,3.3333333333333335,7.242424242424242,0,1,378,Very High
2,0,35,0,3603,76,0,24,2,1,1,25,165.555,0,102.94285714285714,2.1714285714285713,0.0,0,1,100,Medium
3,0,34,0,1550,38,6,16,3,1,2,30,87.52,0,45.588235294117645,1.1176470588235294,0.17647058823529413,0,1,60,Low
6,0,35,0,2665,47,143,19,2,1,1,25,765.54,0,76.14285714285714,1.3428571428571427,4.085714285714285,0,1,209,High
4,0,26,0,1200,30,161,7,2,2,1,25,779.85,0,46.15384615384615,1.1538461538461537,6.1923076923076925,0,1,198,High
4,0,25,0,1453,33,0,64,4,1,1,45,37.15,0,58.12,1.32,0.0,0,1,97,Low
11,0,26,0,585,19,0,3,2,1,2,25,27.18,0,22.5,0.7307692307692307,0.0,0,1,22,Low
0,0,25,0,710,4,0,1,4,1,2,45,17.85,0,28.4,0.16,0.0,0,0,5,Low
10,0,24,0,1110,26,0,9,2,1,1,25,51.12,0,46.25,1.0833333333333333,0.0,0,1,35,Low
2,0,24,0,3110,55,0,19,3,1,1,30,126.6,0,129.58333333333334,2.2916666666666665,0.0,0,1,74,Medium
2,0,17,0,1580,20,0,10,2,1,1,25,72.0,0,92.94117647058823,1.1764705882352942,0.0,0,1,30,Low
16,0,16,0,6278,135,53,38,1,2,1,15,644.215,0,392.375,8.4375,3.3125,0,1,226,High
12,0,14,0,8818,165,41,36,4,1,1,45,327.075,0,629.8571428571429,11.785714285714286,2.9285714285714284,0,1,242,High
8,0,15,2,2738,39,0,15,3,1,1,30,111.08,0,182.53333333333333,2.6,0.0,0,1,54,Low
2,0,8,0,4275,34,183,6,3,1,1,30,904.36,0,534.375,4.25,22.875,0,1,223,Very High
3,1,8,0,1373,13,0,3,2,1,1,25,62.37,1,171.625,1.625,0.0,1,1,16,Low
10,0,38,0,4560,72,14,20,3,1,1,30,241.28,0,120.0,1.894736842105263,0.3684210526315789,0,1,106,High
2,0,39,0,508,6,16,7,2,1,2,25,95.13,0,13.025641025641026,0.15384615384615385,0.41025641025641024,0,1,29,Low
12,0,37,0,2643,61,368,27,3,1,1,30,1580.16,0,71.43243243243244,1.6486486486486487,9.945945945945946,0,1,456,Very High
12,0,38,0,4388,67,10,38,1,1,1,15,300.025,0,115.47368421052632,1.763157894736842,0.2631578947368421,0,1,115,High
5,0,38,0,2583,59,11,36,1,1,1,15,205.81,0,67.97368421052632,1.5526315789473684,0.2894736842105263,0,1,106,Medium
13,0,38,1,3965,83,41,31,3,1,1,30,325.92,0,104.34210526315789,2.1842105263157894,1.0789473684210527,0,1,155,High
6,0,38,0,2550,40,294,21,3,1,1,30,1279.6,0,67.10526315789474,1.0526315789473684,7.7368421052631575,0,1,355,Very High
15,0,37,2,9305,122,153,46,3,1,1,30,989.08,0,251.48648648648648,3.2972972972972974,4.135135135135135,0,1,321,Very High
9,0,38,0,13963,170,9,47,3,1,1,30,601.32,0,367.44736842105266,4.473684210526316,0.23684210526315788,0,1,226,High
9,0,38,1,4705,84,11,28,3,1,1,30,235.56,0,123.8157894736842,2.210526315789474,0.2894736842105263,0,1,123,High
8,0,38,0,6108,96,16,15,3,1,1,30,312.16,0,160.73684210526315,2.526315789473684,0.42105263157894735,0,1,127,High
11,1,38,0,2428,55,17,20,3,1,2,30,167.32,0,63.89473684210526,1.4473684210526316,0.4473684210526316,1,1,92,Medium
27,0,38,3,15330,226,63,35,3,1,1,30,874.24,0,403.42105263157896,5.947368421052632,1.6578947368421053,0,1,324,Very High
6,0,38,1,3285,28,492,11,3,1,1,30,2100.52,0,86.44736842105263,0.7368421052631579,12.947368421052632,0,1,531,Very High
11,0,37,0,15675,183,159,33,2,1,1,25,1429.11,0,423.64864864864865,4.945945945945946,4.297297297297297,0,1,375,Very High
5,0,37,1,6690,87,195,29,3,1,1,30,1051.08,0,180.8108108108108,2.3513513513513513,5.27027027027027,0,1,311,Very High
2,0,37,0,1065,15,9,14,2,1,2,25,89.1,0,28.783783783783782,0.40540540540540543,0.24324324324324326,0,1,38,Low
4,0,38,0,900,15,22,11,3,1,2,30,124.6,0,23.68421052631579,0.39473684210526316,0.5789473684210527,0,1,48,Medium
2,0,37,0,190,1,9,3,2,1,2,25,49.095,1,5.135135135135135,0.02702702702702703,0.24324324324324326,0,1,13,Low
5,0,37,0,7698,128,393,46,2,1,1,25,2120.67,0,208.05405405405406,3.4594594594594597,10.621621621621621,0,1,567,Very High
9,0,37,1,11655,155,20,50,4,1,1,45,345.25,0,315.0,4.1891891891891895,0.5405405405405406,0,1,225,High
10,0,37,1,6908,76,117,40,2,1,1,25,840.78,0,186.7027027027027,2.054054054054054,3.1621621621621623,0,1,233,Very High
25,1,33,0,1145,48,25,20,2,1,2,25,166.185,1,34.696969696969695,1.4545454545454546,0.7575757575757576,1,1,93,Medium
23,0,36,8,10625,94,10,45,5,1,1,55,175.785,0,295.1388888888889,2.611111111111111,0.2777777777777778,0,1,149,Medium
15,0,36,1,6008,99,35,27,2,1,1,25,432.315,1,166.88888888888889,2.75,0.9722222222222222,0,1,161,High
3,0,34,0,3030,23,9,17,3,1,1,30,158.12,0,89.11764705882354,0.6764705882352942,0.2647058823529412,0,1,49,Medium
11,1,35,0,3180,42,18,19,3,1,2,30,200.88,1,90.85714285714286,1.2,0.5142857142857142,1,1,79,Medium
11,1,36,0,2458,45,43,34,3,1,2,30,272.12,1,68.27777777777777,1.25,1.1944444444444444,1,1,122,High
2,0,36,0,323,3,9,5,3,1,2,30,49.04,1,8.972222222222221,0.08333333333333333,0.25,0,1,17,Low
3,0,36,0,1858,26,9,9,3,1,1,30,111.36,0,51.611111111111114,0.7222222222222222,0.25,0,1,44,Low
5,0,33,1,6975,98,23,25,5,1,1,55,140.595,0,211.36363636363637,2.9696969696969697,0.696969696969697,0,1,146,Medium
2,0,36,0,818,8,18,7,4,1,2,45,65.65,1,22.72222222222222,0.2222222222222222,0.5,0,1,33,Low
2,0,36,1,528,5,13,5,5,1,1,55,27.495,0,14.666666666666666,0.1388888888888889,0.3611111111111111,0,1,23,Low
27,0,31,3,16265,239,9,83,2,1,1,25,783.18,0,524.6774193548387,7.709677419354839,0.2903225806451613,0,1,331,High
8,0,34,3,7155,117,280,36,2,2,1,25,1587.24,0,210.44117647058823,3.4411764705882355,8.235294117647058,0,1,433,Very High
4,0,36,0,3908,83,11,31,2,1,1,25,229.095,0,108.55555555555556,2.3055555555555554,0.3055555555555556,0,1,125,Medium
5,0,35,0,1855,45,47,23,3,1,2,30,264.0,0,53.0,1.2857142857142858,1.3428571428571427,0,1,115,High
8,0,36,0,2970,54,184,26,2,1,1,25,964.08,0,82.5,1.5,5.111111111111111,0,1,264,Very High
6,1,27,1,1505,37,202,14,2,2,1,25,978.39,1,55.74074074074074,1.3703703703703705,7.481481481481482,1,1,253,Very High
6,0,26,0,1758,40,39,71,4,1,1,45,142.45,0,67.61538461538461,1.5384615384615385,1.5,0,1,150,Medium
13,0,27,0,890,26,19,10,2,1,2,25,126.72,0,32.96296296296296,0.9629629629629629,0.7037037037037037,0,1,55,Medium
2,0,26,0,1015,11,30,6,4,1,2,45,100.65,0,39.03846153846154,0.4230769230769231,1.1538461538461537,0,1,47,Low
12,0,25,0,1415,33,28,16,2,1,1,25,191.16,0,56.6,1.32,1.12,0,1,77,Medium
4,0,25,0,3415,62,17,26,3,1,1,30,207.08,0,136.6,2.48,0.68,0,1,105,Medium
4,0,18,0,1885,27,37,17,2,1,1,25,252.54,0,104.72222222222223,1.5,2.0555555555555554,0,1,81,High
18,0,17,1,6582,142,94,45,2,2,1,25,725.58,0,387.1764705882353,8.352941176470589,5.529411764705882,0,1,281,High
14,0,15,0,9122,172,82,43,4,1,1,45,437.35,0,608.1333333333333,11.466666666666667,5.466666666666667,0,1,297,High
10,0,16,3,3042,46,40,22,3,1,1,30,283.52,0,190.125,2.875,2.5,0,1,108,High
4,0,9,1,4580,41,224,13,3,1,1,30,1080.84,0,508.8888888888889,4.555555555555555,24.88888888888889,0,1,278,Very High
5,0,9,1,1677,20,9,10,3,1,1,30,103.88,1,186.33333333333334,2.2222222222222223,1.0,0,1,39,Low
6,0,38,0,4180,70,0,14,3,1,1,30,170.0,0,110.0,1.8421052631578947,0.0,0,1,84,Medium
0,0,39,0,128,4,0,1,2,1,2,25,5.94,0,3.282051282051282,0.10256410256410256,0.0,0,0,5,Low
8,0,37,0,2263,59,350,21,3,1,1,30,1492.88,0,61.16216216216216,1.5945945945945945,9.45945945945946,0,1,430,Very High
8,0,38,0,4008,65,0,32,1,1,1,15,224.015,0,105.47368421052632,1.7105263157894737,0.0,0,1,97,Medium
1,0,38,0,2203,57,0,30,1,1,1,15,124.3,0,57.973684210526315,1.5,0.0,0,1,87,Medium
9,0,38,1,3585,81,23,25,3,1,1,30,238.64,0,94.34210526315789,2.1315789473684212,0.6052631578947368,0,1,129,High
2,0,38,0,2170,38,276,15,3,1,1,30,1192.32,0,57.10526315789474,1.0,7.2631578947368425,0,1,329,Very High
11,0,37,2,8925,120,135,40,3,1,1,30,901.8,0,241.21621621621622,3.2432432432432434,3.6486486486486487,0,1,295,Very High
5,0,38,0,13583,168,0,41,3,1,1,30,550.04,0,357.44736842105266,4.421052631578948,0.0,0,1,209,High
5,0,38,1,4325,82,0,22,3,1,1,30,176.28,0,113.8157894736842,2.1578947368421053,0.0,0,1,104,Medium
4,0,38,0,5728,94,0,9,3,1,1,30,232.88,0,150.73684210526315,2.473684210526316,0.0,0,1,103,High
7,0,38,0,2048,53,0,14,3,1,2,30,84.04,0,53.89473684210526,1.394736842105263,0.0,0,1,67,Low
23,0,38,3,14950,224,45,29,3,1,1,30,786.96,0,393.42105263157896,5.894736842105263,1.1842105263157894,0,1,298,High
2,0,38,1,2905,26,474,5,3,1,1,30,2013.24,0,76.44736842105263,0.6842105263157895,12.473684210526315,0,1,505,Very High
7,0,37,0,15295,181,141,27,2,1,1,25,1330.92,0,413.3783783783784,4.891891891891892,3.810810810810811,0,1,349,Very High
1,0,37,1,6310,85,177,23,3,1,1,30,963.8,0,170.54054054054055,2.2972972972972974,4.783783783783784,0,1,285,Very High
0,0,37,0,685,13,0,8,2,1,2,25,31.41,0,18.513513513513512,0.35135135135135137,0.0,0,0,21,Low
0,0,38,0,520,13,4,5,3,1,2,30,37.32,0,13.68421052631579,0.34210526315789475,0.10526315789473684,0,0,22,Low
1,0,37,0,7318,126,375,40,2,1,1,25,2022.48,0,197.78378378378378,3.4054054054054053,10.135135135135135,0,1,541,Very High
5,0,37,1,11275,153,2,44,4,1,1,45,290.7,0,304.72972972972974,4.135135135135135,0.05405405405405406,0,1,199,High
6,0,37,1,6528,74,99,34,2,1,1,25,742.59,0,176.43243243243242,2.0,2.675675675675676,0,1,207,High
21,0,33,0,765,46,7,14,2,1,2,25,67.995,1,23.181818181818183,1.393939393939394,0.21212121212121213,0,1,67,Low
19,0,36,8,10245,92,0,39,5,2,1,55,155.055,0,284.5833333333333,2.5555555555555554,0.0,0,1,131,Medium
11,0,36,1,5628,97,17,21,2,1,1,25,334.125,1,156.33333333333334,2.6944444444444446,0.4722222222222222,0,1,135,High
0,0,34,0,2650,21,0,11,3,1,1,30,106.84,0,77.94117647058823,0.6176470588235294,0.0,0,0,32,Low
7,1,35,0,2800,40,0,13,3,1,2,30,113.6,1,80.0,1.1428571428571428,0.0,1,1,53,Low
7,0,36,0,2078,43,25,28,3,1,2,30,184.84,1,57.72222222222222,1.1944444444444444,0.6944444444444444,0,1,96,Medium
0,0,36,0,1478,24,0,3,3,1,1,30,60.08,0,41.05555555555556,0.6666666666666666,0.0,0,0,27,Low
1,0,33,1,6595,96,5,19,5,1,1,55,107.865,0,199.84848484848484,2.909090909090909,0.15151515151515152,0,1,120,Low
0,0,36,0,438,6,0,1,4,1,2,45,11.1,1,12.166666666666666,0.16666666666666666,0.0,0,0,7,Low
0,0,36,1,0,0,0,0,5,1,1,55,0.0,0,0.0,0.0,0.0,0,0,0,Low
23,0,31,3,15885,237,0,77,2,1,1,25,725.49,0,512.4193548387096,7.645161290322581,0.0,0,1,314,High
4,0,34,3,6775,115,262,30,2,2,1,25,1489.05,0,199.26470588235293,3.3823529411764706,7.705882352941177,0,1,407,Very High
0,0,36,0,3528,81,0,25,2,1,1,25,162.405,0,98.0,2.25,0.0,0,0,106,Medium
1,0,35,0,1475,43,29,17,3,1,2,30,176.72,0,42.142857142857146,1.2285714285714286,0.8285714285714286,0,1,89,Medium
4,0,36,0,2590,52,166,20,2,1,1,25,865.89,0,71.94444444444444,1.4444444444444444,4.611111111111111,0,1,238,Very High
2,0,27,1,1125,35,184,8,2,2,1,25,880.2,0,41.666666666666664,1.2962962962962963,6.814814814814815,0,1,227,Very High
2,0,26,0,1378,38,21,65,4,1,1,45,87.9,0,53.0,1.4615384615384615,0.8076923076923077,0,1,124,Low
9,0,27,0,510,24,1,4,2,1,2,25,28.53,0,18.88888888888889,0.8888888888888888,0.037037037037037035,0,1,29,Low
0,0,26,0,635,9,12,1,4,1,2,45,46.1,0,24.423076923076923,0.34615384615384615,0.46153846153846156,0,0,22,Low
8,0,25,0,1035,31,10,10,2,1,1,25,92.97,0,41.4,1.24,0.4,0,1,51,Low
0,0,25,0,3035,60,0,20,3,1,1,30,123.8,0,121.4,2.4,0.0,0,0,80,Medium
0,0,18,0,1505,25,19,11,2,1,1,25,154.35,0,83.61111111111111,1.3888888888888888,1.0555555555555556,0,0,55,Medium
14,0,17,1,6202,140,76,39,2,2,1,25,627.39,0,364.8235294117647,8.235294117647058,4.470588235294118,0,1,255,High
10,0,15,0,8742,170,64,37,4,1,1,45,382.8,0,582.8,11.333333333333334,4.266666666666667,0,1,271,High
6,0,16,3,2662,44,22,16,3,1,1,30,196.24,0,166.375,2.75,1.375,0,1,82,Medium
0,0,9,1,4200,39,206,7,3,1,1,30,993.56,0,466.6666666666667,4.333333333333333,22.88888888888889,0,0,252,Very High
1,0,9,1,1297,18,0,4,3,1,1,30,52.6,1,144.11111111111111,2.0,0.0,0,1,22,Low
6,0,33,0,4370,65,0,16,2,1,1,25,199.575,0,132.42424242424244,1.9696969696969697,0.0,0,1,81,Medium
0,0,34,0,318,4,0,3,2,1,2,25,14.49,0,9.352941176470589,0.11764705882352941,0.0,0,0,7,Low
8,0,32,0,2453,54,351,23,2,1,1,25,1692.315,0,76.65625,1.6875,10.96875,0,1,428,Very High
8,0,33,0,4198,60,0,34,1,1,1,15,234.19,0,127.21212121212122,1.8181818181818181,0.0,0,1,94,High
1,0,33,0,2393,52,0,32,1,1,1,15,134.475,0,72.51515151515152,1.5757575757575757,0.0,0,1,84,Medium
9,0,33,0,3775,76,24,27,2,1,1,25,281.295,0,114.39393939393939,2.303030303030303,0.7272727272727273,0,1,127,High
2,0,33,0,2360,33,277,17,3,1,1,30,1203.72,0,71.51515151515152,1.0,8.393939393939394,0,1,327,Very High
11,0,32,1,9115,115,136,42,3,1,1,30,913.2,0,284.84375,3.59375,4.25,0,1,293,Very High
5,0,33,0,13773,163,0,43,3,1,1,30,557.44,0,417.3636363636364,4.9393939393939394,0.0,0,1,206,High
5,0,33,0,4515,77,0,24,3,1,1,30,183.68,0,136.8181818181818,2.3333333333333335,0.0,0,1,101,Medium
4,0,33,0,5918,89,0,11,2,1,1,25,270.315,0,179.33333333333334,2.696969696969697,0.0,0,1,100,High
7,1,33,0,2238,48,0,16,3,1,2,30,91.44,0,67.81818181818181,1.4545454545454546,0.0,1,1,64,Low
23,0,33,2,15140,219,46,31,3,1,1,30,798.36,0,458.7878787878788,6.636363636363637,1.393939393939394,0,1,296,Very High
2,0,33,0,3095,21,475,7,3,1,1,30,2024.64,0,93.78787878787878,0.6363636363636364,14.393939393939394,0,1,503,Very High
7,0,32,0,15485,176,142,29,2,1,1,25,1343.745,0,483.90625,5.5,4.4375,0,1,347,Very High
1,0,32,0,6500,80,178,25,3,1,1,30,975.2,0,203.125,2.5,5.5625,0,1,283,Very High
0,0,32,0,875,8,0,10,2,1,2,25,39.735,0,27.34375,0.25,0.0,0,0,18,Low
0,0,33,0,710,8,5,7,2,1,2,25,54.81,0,21.515151515151516,0.24242424242424243,0.15151515151515152,0,0,20,Low
0,0,32,0,0,0,0,0,2,1,2,25,0.0,1,0.0,0.0,0.0,0,0,0,Low
1,0,32,0,7508,121,376,42,2,1,1,25,2035.305,0,234.625,3.78125,11.75,0,1,539,Very High
5,0,32,0,11465,148,3,46,3,1,1,30,476.52,0,358.28125,4.625,0.09375,0,1,197,High
6,0,32,0,6718,69,100,36,2,1,1,25,755.415,0,209.9375,2.15625,3.125,0,1,205,High
21,1,28,0,955,41,8,16,2,1,2,25,80.82,1,34.107142857142854,1.4642857142857142,0.2857142857142857,1,1,65,Low
19,0,31,7,10435,87,0,41,4,1,1,45,263.05,0,336.61290322580646,2.806451612903226,0.0,0,1,128,High
11,0,31,0,5818,92,18,23,2,1,1,25,346.95,1,187.67741935483872,2.967741935483871,0.5806451612903226,0,1,133,High
0,0,29,0,2840,16,0,13,3,1,1,30,114.24,0,97.93103448275862,0.5517241379310345,0.0,0,0,29,Low
7,1,30,0,2990,35,1,15,2,1,2,25,140.625,1,99.66666666666667,1.1666666666666667,0.03333333333333333,1,1,51,Medium
7,1,31,0,2268,38,26,30,3,1,2,30,196.24,1,73.16129032258064,1.2258064516129032,0.8387096774193549,1,1,94,Medium
0,1,31,0,0,0,0,0,2,1,2,25,0.0,1,0.0,0.0,0.0,1,0,0,Low
0,0,31,0,1668,19,0,5,3,1,1,30,67.48,0,53.806451612903224,0.6129032258064516,0.0,0,0,24,Low
1,0,28,0,6785,91,6,21,4,1,1,45,186.9,0,242.32142857142858,3.25,0.21428571428571427,0,1,118,Medium
0,0,31,0,628,1,1,3,4,1,2,45,18.225,1,20.258064516129032,0.03225806451612903,0.03225806451612903,0,0,5,Low
0,0,31,0,338,5,0,1,4,1,1,45,8.575,0,10.903225806451612,0.16129032258064516,0.0,0,0,6,Low
23,0,26,2,16075,232,0,79,2,1,1,25,733.815,0,618.2692307692307,8.923076923076923,0.0,0,1,311,High
4,0,29,2,6965,110,263,32,2,2,1,25,1501.875,0,240.17241379310346,3.793103448275862,9.068965517241379,0,1,405,Very High
0,0,31,0,3718,76,0,27,2,1,1,25,170.73,0,119.93548387096774,2.4516129032258065,0.0,0,0,103,Medium
1,0,30,0,1665,38,30,19,3,1,2,30,188.12,0,55.5,1.2666666666666666,1.0,0,1,87,Medium
4,0,31,0,2780,47,167,22,2,1,1,25,878.715,0,89.6774193548387,1.5161290322580645,5.387096774193548,0,1,236,Very High
2,0,22,0,1315,30,185,10,2,2,1,25,893.025,0,59.77272727272727,1.3636363636363635,8.409090909090908,0,1,225,Very High
2,0,21,0,1568,33,22,67,4,1,1,45,95.025,0,74.66666666666667,1.5714285714285714,1.0476190476190477,0,1,122,Low
9,0,22,0,700,19,2,6,2,1,2,25,41.355,0,31.818181818181817,0.8636363636363636,0.09090909090909091,0,1,27,Low
0,0,21,0,825,4,13,2,4,1,2,45,53.225,0,39.285714285714285,0.19047619047619047,0.6190476190476191,0,0,19,Low
8,0,20,0,1225,26,11,12,2,1,1,25,105.795,0,61.25,1.3,0.55,0,1,49,Low
0,0,20,0,3225,55,0,22,3,1,1,30,131.2,0,161.25,2.75,0.0,0,0,77,Medium
0,0,13,0,1695,20,20,13,2,1,1,25,167.175,0,130.3846153846154,1.5384615384615385,1.5384615384615385,0,0,53,Medium
14,0,12,0,6392,135,77,41,1,2,1,15,782.485,0,532.6666666666666,11.25,6.416666666666667,0,1,253,High
10,0,10,0,8932,165,65,39,4,1,1,45,389.925,0,893.2,16.5,6.5,0,1,269,High
6,0,11,2,2852,39,23,18,3,1,1,30,207.64,0,259.27272727272725,3.5454545454545454,2.090909090909091,0,1,80,Medium
0,0,4,0,4390,34,207,9,3,1,1,30,1004.96,0,1097.5,8.5,51.75,0,0,250,Very High
1,0,4,0,1487,13,0,6,2,1,1,25,67.5,1,371.75,3.25,0.0,0,1,19,Low
10,0,43,1,4370,77,13,18,3,1,1,30,229.88,0,101.62790697674419,1.7906976744186047,0.3023255813953488,0,1,108,Medium
2,0,44,0,318,11,15,5,3,1,2,30,73.16,0,7.2272727272727275,0.25,0.3409090909090909,0,1,31,Low
12,0,42,1,2453,66,367,25,3,1,1,30,1568.76,0,58.404761904761905,1.5714285714285714,8.738095238095237,0,1,458,Very High
12,0,43,1,4198,72,9,36,1,1,1,15,284.35,0,97.62790697674419,1.6744186046511629,0.20930232558139536,0,1,117,High
5,0,43,1,2393,64,10,34,2,1,1,25,155.565,0,55.651162790697676,1.4883720930232558,0.23255813953488372,0,1,108,Medium
13,0,43,2,3775,88,40,29,3,1,1,30,314.52,0,87.79069767441861,2.046511627906977,0.9302325581395349,0,1,157,High
6,0,43,1,2360,45,293,19,4,1,1,45,792.625,0,54.883720930232556,1.0465116279069768,6.813953488372093,0,1,357,Very High
15,0,42,3,9115,127,152,44,3,1,1,30,977.68,0,217.02380952380952,3.0238095238095237,3.619047619047619,0,1,323,Very High
9,0,43,1,13773,175,8,45,3,1,1,30,589.92,0,320.30232558139534,4.069767441860465,0.18604651162790697,0,1,228,High
9,0,43,2,4515,89,10,26,3,1,1,30,224.16,0,105.0,2.0697674418604652,0.23255813953488372,0,1,125,Medium
8,0,43,1,5918,101,15,13,3,1,1,30,300.76,0,137.62790697674419,2.3488372093023258,0.3488372093023256,0,1,129,High
11,1,43,0,2238,60,16,18,3,1,2,30,155.92,0,52.04651162790697,1.3953488372093024,0.37209302325581395,1,1,94,Medium
27,0,43,4,15140,231,62,33,3,1,1,30,862.84,0,352.09302325581393,5.372093023255814,1.441860465116279,0,1,326,Very High
6,0,43,2,3095,33,491,9,4,1,1,45,1305.7,0,71.97674418604652,0.7674418604651163,11.418604651162791,0,1,533,Very High
11,0,42,1,15485,188,158,31,2,1,1,25,1416.285,0,368.6904761904762,4.476190476190476,3.761904761904762,0,1,377,Very High
5,0,42,2,6500,92,194,27,3,1,1,30,1039.68,0,154.76190476190476,2.1904761904761907,4.619047619047619,0,1,313,Very High
2,0,42,0,875,20,8,12,2,1,2,25,76.275,0,20.833333333333332,0.47619047619047616,0.19047619047619047,0,1,40,Low
4,0,43,0,710,20,21,9,3,1,2,30,113.2,0,16.511627906976745,0.46511627906976744,0.4883720930232558,0,1,50,Low
0,0,42,0,0,0,8,0,2,1,2,25,36.0,1,0.0,0.0,0.19047619047619047,0,0,8,Low
5,0,42,1,7508,133,392,44,3,1,1,30,1873.64,0,178.76190476190476,3.1666666666666665,9.333333333333334,0,1,569,Very High
9,0,42,2,11465,160,19,48,4,1,1,45,338.125,0,272.9761904761905,3.8095238095238093,0.4523809523809524,0,1,227,High
10,0,42,2,6718,81,116,38,2,1,1,25,827.955,0,159.95238095238096,1.9285714285714286,2.761904761904762,0,1,235,Very High
25,1,38,0,955,53,24,18,3,1,2,30,136.32,1,25.13157894736842,1.394736842105263,0.631578947368421,1,1,95,Medium
23,0,41,9,10435,99,9,43,5,2,1,55,171.51,0,254.5121951219512,2.4146341463414633,0.21951219512195122,0,1,151,Medium
15,0,41,2,5818,104,34,25,3,1,1,30,372.88,0,141.90243902439025,2.5365853658536586,0.8292682926829268,0,1,163,High
3,0,39,1,2840,28,8,15,3,1,1,30,146.72,0,72.82051282051282,0.717948717948718,0.20512820512820512,0,1,51,Medium
11,0,40,0,2990,47,17,17,3,1,2,30,189.48,1,74.75,1.175,0.425,0,1,81,Medium
11,1,41,0,2268,50,42,32,4,1,2,45,162.95,1,55.31707317073171,1.2195121951219512,1.024390243902439,1,1,124,Medium
2,0,41,0,133,8,8,3,3,1,2,30,37.64,1,3.2439024390243905,0.1951219512195122,0.1951219512195122,0,1,19,Low
3,0,41,1,1668,31,8,7,4,1,1,45,62.475,0,40.68292682926829,0.7560975609756098,0.1951219512195122,0,1,46,Low
5,0,38,2,6785,103,22,23,5,1,1,55,136.32,0,178.55263157894737,2.710526315789474,0.5789473684210527,0,1,148,Medium
2,0,41,0,628,13,17,5,4,1,2,45,58.525,1,15.317073170731707,0.3170731707317073,0.4146341463414634,0,1,35,Low
2,0,41,2,338,10,12,3,5,1,1,55,23.22,0,8.24390243902439,0.24390243902439024,0.2926829268292683,0,1,25,Low
27,0,36,4,16075,244,8,81,2,1,1,25,770.355,0,446.52777777777777,6.777777777777778,0.2222222222222222,0,1,333,High
8,0,39,4,6965,122,279,34,3,2,1,30,1399.48,0,178.5897435897436,3.128205128205128,7.153846153846154,0,1,435,Very High
4,0,41,1,3718,88,10,29,3,1,1,30,192.24,0,90.6829268292683,2.1463414634146343,0.24390243902439024,0,1,127,Medium
5,0,40,0,1665,50,46,21,4,1,2,45,157.875,0,41.625,1.25,1.15,0,1,117,Medium
8,0,41,1,2780,59,183,24,2,1,1,25,951.255,0,67.8048780487805,1.4390243902439024,4.463414634146342,0,1,266,Very High
6,1,32,2,1315,42,201,12,3,2,1,30,858.28,1,41.09375,1.3125,6.28125,1,1,255,Very High
6,0,31,1,1568,45,38,69,5,1,1,55,81.195,0,50.58064516129032,1.4516129032258065,1.2258064516129032,0,1,152,Low
13,0,32,0,700,31,18,8,3,1,2,30,101.24,0,21.875,0.96875,0.5625,0,1,57,Low
2,0,31,0,825,16,29,4,4,1,2,45,93.525,0,26.612903225806452,0.5161290322580645,0.9354838709677419,0,1,49,Low
12,0,30,1,1225,38,27,14,2,1,1,25,178.335,0,40.833333333333336,1.2666666666666666,0.9,0,1,79,Medium
4,0,30,1,3225,67,16,24,3,1,1,30,195.68,0,107.5,2.2333333333333334,0.5333333333333333,0,1,107,Medium
4,0,23,1,1695,32,36,15,3,1,1,30,213.08,0,73.69565217391305,1.391304347826087,1.565217391304348,0,1,83,Medium
18,0,22,2,6392,147,93,43,2,2,1,25,712.755,0,290.54545454545456,6.681818181818182,4.2272727272727275,0,1,283,High
14,0,20,1,8932,177,81,41,5,1,1,55,258.135,0,446.6,8.85,4.05,0,1,299,High
10,0,21,4,2852,51,39,20,3,1,1,30,272.12,0,135.8095238095238,2.4285714285714284,1.8571428571428572,0,1,110,High
4,0,14,2,4390,46,223,11,3,1,1,30,1069.44,0,313.57142857142856,3.2857142857142856,15.928571428571429,0,1,280,Very High
5,1,14,2,1487,25,8,8,3,1,1,30,92.48,1,106.21428571428571,1.7857142857142858,0.5714285714285714,1,1,41,Low
14,0,39,1,5080,82,30,17,3,1,1,30,326.48,0,130.25641025641025,2.1025641025641026,0.7692307692307693,0,1,129,High
6,0,40,0,1028,16,15,4,3,1,2,30,101.76,0,25.7,0.4,0.375,0,1,35,Low
16,0,38,1,3163,71,367,24,3,1,1,30,1597.36,0,83.23684210526316,1.868421052631579,9.657894736842104,0,1,462,Very High
16,0,39,1,4908,77,9,35,1,1,1,15,323.675,0,125.84615384615384,1.9743589743589745,0.23076923076923078,0,1,121,High
9,0,39,1,3103,69,10,33,2,1,1,25,187.74,0,79.56410256410257,1.7692307692307692,0.2564102564102564,0,1,112,Medium
17,0,39,2,4485,93,40,28,3,1,1,30,343.12,0,115.0,2.3846153846153846,1.0256410256410255,0,1,161,High
10,0,39,1,3070,50,293,18,3,1,1,30,1296.8,0,78.71794871794872,1.2820512820512822,7.512820512820513,0,1,361,Very High
19,0,38,3,9825,132,152,43,3,1,1,30,1006.28,0,258.55263157894734,3.473684210526316,4.0,0,1,327,Very High
13,0,39,1,14483,180,8,44,3,1,1,30,618.52,0,371.35897435897436,4.615384615384615,0.20512820512820512,0,1,232,High
13,0,39,2,5225,94,10,25,3,1,1,30,252.76,0,133.97435897435898,2.41025641025641,0.2564102564102564,0,1,129,High
12,0,39,1,6628,106,15,12,3,1,1,30,329.36,0,169.94871794871796,2.717948717948718,0.38461538461538464,0,1,133,High
15,0,39,0,2948,65,16,17,3,1,2,30,184.52,0,75.58974358974359,1.6666666666666667,0.41025641025641024,0,1,98,Medium
31,1,39,4,15850,236,62,32,3,1,1,30,891.44,0,406.4102564102564,6.051282051282051,1.5897435897435896,1,1,330,Very High
10,0,39,2,3805,38,491,8,3,1,1,30,2117.72,0,97.56410256410257,0.9743589743589743,12.58974358974359,0,1,537,Very High
15,0,38,1,16195,193,158,30,2,1,1,25,1448.46,0,426.1842105263158,5.078947368421052,4.157894736842105,0,1,381,Very High
9,0,38,2,7210,97,194,26,3,1,1,30,1068.28,0,189.73684210526315,2.5526315789473686,5.105263157894737,0,1,317,Very High
6,0,38,0,1585,25,8,11,2,1,2,25,108.45,0,41.71052631578947,0.6578947368421053,0.21052631578947367,0,1,44,Low
8,0,39,0,1420,25,21,8,3,1,2,30,141.8,0,36.41025641025641,0.6410256410256411,0.5384615384615384,0,1,54,Medium
6,0,38,0,710,11,8,2,2,1,2,25,68.445,1,18.68421052631579,0.2894736842105263,0.21052631578947367,0,1,21,Low
9,0,38,1,8218,138,392,43,3,1,1,30,1902.24,0,216.26315789473685,3.6315789473684212,10.31578947368421,0,1,573,Very High
13,0,38,2,12175,165,19,47,4,1,1,45,356.0,0,320.39473684210526,4.342105263157895,0.5,0,1,231,High
14,0,38,2,7428,86,116,37,2,1,1,25,860.13,0,195.47368421052633,2.263157894736842,3.0526315789473686,0,1,239,Very High
29,1,34,0,1665,58,24,17,3,1,2,30,164.92,1,48.970588235294116,1.7058823529411764,0.7058823529411765,1,1,99,Medium
27,0,37,9,11145,104,9,42,5,2,1,55,182.235,0,301.2162162162162,2.810810810810811,0.24324324324324326,0,1,155,Medium
19,0,37,2,6528,109,34,24,2,1,1,25,451.665,0,176.43243243243242,2.945945945945946,0.918918918918919,0,1,167,High
7,0,35,1,3550,33,8,14,3,1,1,30,175.32,0,101.42857142857143,0.9428571428571428,0.22857142857142856,0,1,55,Medium
15,1,36,0,3700,52,17,16,3,1,2,30,218.08,1,102.77777777777777,1.4444444444444444,0.4722222222222222,1,1,85,Medium
15,1,37,0,2978,55,42,31,3,1,2,30,289.32,1,80.48648648648648,1.4864864864864864,1.135135135135135,1,1,128,High
6,0,37,0,843,13,8,2,3,1,2,30,66.24,1,22.783783783783782,0.35135135135135137,0.21621621621621623,0,1,23,Low
7,0,37,1,2378,36,8,6,4,1,1,45,80.35,0,64.27027027027027,0.972972972972973,0.21621621621621623,0,1,50,Low
9,0,34,2,7495,108,22,22,5,1,1,55,147.045,0,220.44117647058823,3.176470588235294,0.6470588235294118,0,1,152,Medium
6,1,37,0,1338,18,17,4,4,1,2,45,76.4,1,36.16216216216216,0.4864864864864865,0.4594594594594595,1,1,39,Low
6,0,37,2,1048,15,12,2,5,1,1,55,33.945,0,28.324324324324323,0.40540540540540543,0.32432432432432434,0,1,29,Low
31,1,32,4,16785,249,8,80,2,1,1,25,802.53,0,524.53125,7.78125,0.25,1,1,337,Very High
12,1,35,4,7675,127,279,33,3,2,1,30,1428.08,0,219.28571428571428,3.6285714285714286,7.9714285714285715,1,1,439,Very High
8,0,37,1,4428,93,10,28,3,1,1,30,220.84,0,119.67567567567568,2.5135135135135136,0.2702702702702703,0,1,131,Medium
9,0,36,0,2375,55,46,20,3,1,2,30,281.2,0,65.97222222222223,1.5277777777777777,1.2777777777777777,0,1,121,High
12,0,37,1,3490,64,183,23,2,1,1,25,983.43,0,94.32432432432432,1.7297297297297298,4.945945945945946,0,1,270,Very High
10,0,28,2,2025,47,201,11,3,2,1,30,886.88,0,72.32142857142857,1.6785714285714286,7.178571428571429,0,1,259,Very High
10,0,27,1,2278,50,38,68,4,1,1,45,153.2,0,84.37037037037037,1.8518518518518519,1.4074074074074074,0,1,156,Medium
17,0,28,0,1410,36,18,7,3,1,2,30,129.84,0,50.357142857142854,1.2857142857142858,0.6428571428571429,0,1,61,Medium
6,0,27,0,1535,21,29,3,4,1,2,45,111.4,0,56.851851851851855,0.7777777777777778,1.0740740740740742,0,1,53,Low
16,0,26,1,1935,43,27,13,2,1,1,25,210.51,0,74.42307692307692,1.6538461538461537,1.0384615384615385,0,1,83,Medium
8,0,26,1,3935,72,16,23,3,1,1,30,224.28,0,151.34615384615384,2.769230769230769,0.6153846153846154,0,1,111,Medium
8,0,19,1,2405,37,36,14,2,1,1,25,271.89,0,126.57894736842105,1.9473684210526316,1.894736842105263,0,1,87,High
22,0,18,2,7102,152,93,42,2,2,1,25,744.93,0,394.55555555555554,8.444444444444445,5.166666666666667,0,1,287,High
18,0,16,1,9642,182,81,40,5,1,1,55,268.86,0,602.625,11.375,5.0625,0,1,303,High
14,0,17,4,3562,56,39,19,3,2,1,30,300.72,0,209.52941176470588,3.2941176470588234,2.2941176470588234,0,1,114,High
8,0,10,2,5100,51,223,10,3,1,1,30,1098.04,0,510.0,5.1,22.3,0,1,284,Very High
9,0,10,2,2197,30,8,7,3,1,1,30,121.08,1,219.7,3.0,0.8,0,1,45,Medium
2,0,37,0,3660,60,0,17,2,1,1,25,167.4,0,98.91891891891892,1.6216216216216217,0.0,0,1,77,Medium
4,0,36,0,1743,49,334,24,2,1,1,25,1583.64,0,48.416666666666664,1.3611111111111112,9.277777777777779,0,1,407,Very High
4,0,37,0,3488,55,0,35,1,1,1,15,194.865,0,94.27027027027027,1.4864864864864864,0.0,0,1,90,Medium
0,0,37,0,1683,47,0,33,1,1,1,15,95.15,0,45.486486486486484,1.2702702702702702,0.0,0,0,80,Low
5,0,37,0,3065,71,7,28,3,1,1,30,153.44,0,82.83783783783784,1.9189189189189189,0.1891891891891892,0,1,106,Medium
0,0,37,0,1650,28,260,18,3,1,1,30,1107.12,0,44.5945945945946,0.7567567567567568,7.027027027027027,0,0,306,Very High
7,0,36,1,8405,110,119,43,3,1,1,30,816.6,0,233.47222222222223,3.0555555555555554,3.3055555555555554,0,1,272,Very High
1,0,37,0,13063,158,0,44,3,1,1,30,528.84,0,353.05405405405406,4.27027027027027,0.0,0,1,202,High
1,0,37,0,3805,72,0,25,3,1,1,30,155.08,0,102.83783783783784,1.945945945945946,0.0,0,1,97,Medium
0,0,37,0,5208,84,0,12,2,1,1,25,238.14,0,140.75675675675674,2.27027027027027,0.0,0,0,96,High
3,0,37,0,1528,43,0,17,3,1,2,30,62.84,0,41.2972972972973,1.162162162162162,0.0,0,1,60,Low
19,0,37,2,14430,214,29,32,3,1,1,30,701.76,0,390.0,5.783783783783784,0.7837837837837838,0,1,275,High
0,0,37,0,2385,16,458,8,3,1,1,30,1928.04,0,64.45945945945945,0.43243243243243246,12.378378378378379,0,0,482,Very High
3,0,36,0,14775,171,125,30,2,1,1,25,1235.07,0,410.4166666666667,4.75,3.4722222222222223,0,1,326,Very High
0,0,36,0,5790,75,161,26,3,1,1,30,878.6,0,160.83333333333334,2.0833333333333335,4.472222222222222,0,0,262,Very High
0,0,36,0,165,3,0,11,2,1,2,25,7.56,0,4.583333333333333,0.08333333333333333,0.0,0,0,14,Low
0,0,37,0,0,0,0,0,2,1,2,25,0.0,0,0.0,0.0,0.0,0,0,0,Low
0,0,36,0,0,0,0,0,2,1,2,25,0.0,1,0.0,0.0,0.0,0,0,0,Low
0,0,36,0,6798,116,359,43,2,1,1,25,1926.63,0,188.83333333333334,3.2222222222222223,9.972222222222221,0,0,518,Very High
1,0,36,0,10755,143,0,47,3,1,1,30,435.92,0,298.75,3.9722222222222223,0.0,0,1,190,High
2,0,36,0,6008,64,83,37,2,1,1,25,646.74,0,166.88888888888889,1.7777777777777777,2.3055555555555554,0,1,184,High
17,0,32,0,245,36,0,17,2,1,2,25,12.645,1,7.65625,1.125,0.0,0,1,53,Low
15,0,35,7,9725,82,0,42,4,1,1,45,245.175,0,277.85714285714283,2.342857142857143,0.0,0,1,124,High
7,0,35,0,5108,87,1,24,2,1,1,25,238.275,1,145.94285714285715,2.4857142857142858,0.02857142857142857,0,1,112,High
0,0,33,0,2130,11,0,14,3,1,1,30,85.64,0,64.54545454545455,0.3333333333333333,0.0,0,0,25,Low
3,1,34,0,2280,30,0,16,2,1,2,25,103.95,1,67.05882352941177,0.8823529411764706,0.0,1,1,46,Low
3,0,35,0,1558,33,9,31,3,1,2,30,99.64,1,44.51428571428571,0.9428571428571428,0.2571428571428571,0,1,73,Low
0,0,35,0,0,0,0,0,3,1,2,30,0.0,1,0.0,0.0,0.0,0,0,0,Low
0,0,35,0,958,14,0,6,3,1,1,30,38.88,0,27.37142857142857,0.4,0.0,0,0,20,Low
0,0,32,0,6075,86,0,22,4,1,1,45,154.025,0,189.84375,2.6875,0.0,0,0,108,Medium
0,0,35,0,0,0,0,0,4,1,2,45,0.0,1,0.0,0.0,0.0,0,0,0,Low
0,0,35,0,0,0,0,0,5,1,1,55,0.0,0,0.0,0.0,0.0,0,0,0,Low
19,0,30,2,15365,227,0,80,2,1,1,25,701.64,0,512.1666666666666,7.566666666666666,0.0,0,1,307,High
0,0,33,2,6255,105,246,33,2,2,1,25,1393.2,0,189.54545454545453,3.1818181818181817,7.454545454545454,0,0,384,Very High
0,0,35,0,3008,71,0,28,2,1,1,25,138.555,0,85.94285714285714,2.0285714285714285,0.0,0,0,99,Medium
0,0,34,0,955,33,13,20,3,1,2,30,91.52,0,28.08823529411765,0.9705882352941176,0.38235294117647056,0,0,66,Low
0,0,35,0,2070,42,150,23,2,1,1,25,770.04,0,59.142857142857146,1.2,4.285714285714286,0,0,215,High
0,0,26,0,605,25,168,11,2,2,1,25,784.35,0,23.26923076923077,0.9615384615384616,6.461538461538462,0,0,204,High
0,0,25,0,858,28,5,68,4,1,1,45,34.65,0,34.32,1.12,0.2,0,0,101,Low
0,0,26,0,0,0,0,0,2,1,2,25,0.0,0,0.0,0.0,0.0,0,0,0,Low
0,0,25,0,0,0,0,0,4,1,2,45,0.0,0,0.0,0.0,0.0,0,0,0,Low
4,0,24,0,515,21,0,13,2,1,1,25,24.12,0,21.458333333333332,0.875,0.0,0,1,34,Low
0,0,24,0,2515,50,0,23,3,1,1,30,102.6,0,104.79166666666667,2.0833333333333335,0.0,0,0,73,Low
0,0,17,0,985,15,3,14,2,1,1,25,58.5,0,57.94117647058823,0.8823529411764706,0.17647058823529413,0,0,32,Low
10,0,16,0,5682,130,60,42,1,2,1,15,649.66,0,355.125,8.125,3.75,0,1,232,High
6,0,14,0,8222,160,48,40,4,1,1,45,329.55,0,587.2857142857143,11.428571428571429,3.4285714285714284,0,1,248,High
2,0,15,2,2142,34,6,19,3,1,1,30,111.04,0,142.8,2.2666666666666666,0.4,0,1,59,Low
0,0,8,0,3680,29,190,10,3,1,1,30,908.36,0,460.0,3.625,23.75,0,0,229,Very High
0,0,8,0,777,8,0,7,3,1,1,30,31.4,1,97.125,1.0,0.0,0,0,15,Low
9,1,38,0,2238,54,8,17,3,1,2,30,123.68,0,58.89473684210526,1.4210526315789473,0.21052631578947367,1,1,79,Medium
0,0,37,0,875,14,0,11,2,1,2,25,40.005,0,23.64864864864865,0.3783783783783784,0.0,0,0,25,Low
23,0,33,0,955,47,16,17,2,1,2,25,117.09,1,28.939393939393938,1.4242424242424243,0.48484848484848486,0,1,80,Low
21,1,36,8,10435,93,1,42,5,1,1,55,159.42,0,289.8611111111111,2.5833333333333335,0.027777777777777776,1,1,136,Medium
13,0,36,1,5818,98,26,24,2,1,1,25,383.22,1,161.61111111111111,2.7222222222222223,0.7222222222222222,0,1,148,High
9,1,35,0,2990,41,9,16,3,1,2,30,157.24,1,85.42857142857143,1.1714285714285715,0.2571428571428571,1,1,66,Medium
9,0,36,0,2268,44,34,31,3,1,2,30,228.48,1,63.0,1.2222222222222223,0.9444444444444444,0,1,109,Medium
0,0,36,0,628,7,9,4,4,1,2,45,38.375,1,17.444444444444443,0.19444444444444445,0.25,0,0,20,Low
25,0,31,3,16075,238,0,80,2,1,1,25,734.085,0,518.5483870967741,7.67741935483871,0.0,0,1,318,High
4,1,27,1,1315,36,193,11,2,2,1,25,929.295,1,48.7037037037037,1.3333333333333333,7.148148148148148,1,1,240,Very High
0,0,26,0,825,10,21,3,4,1,2,45,73.375,0,31.73076923076923,0.38461538461538464,0.8076923076923077,0,0,34,Low
16,0,17,1,6392,141,85,42,2,2,1,25,676.485,0,376.0,8.294117647058824,5.0,0,1,268,High
12,0,15,0,8932,171,73,40,4,1,1,45,410.075,0,595.4666666666667,11.4,4.866666666666666,0,1,284,High
8,0,16,3,2852,45,31,19,3,1,1,30,239.88,0,178.25,2.8125,1.9375,0,1,95,High
3,0,9,1,1487,19,0,7,3,1,1,30,60.24,1,165.22222222222223,2.111111111111111,0.0,0,1,26,Low
21,0,36,8,10435,93,1,42,5,1,1,55,159.42,0,289.8611111111111,2.5833333333333335,0.027777777777777776,0,1,136,Medium
25,1,31,3,16075,238,0,80,2,1,1,25,734.085,0,518.5483870967741,7.67741935483871,0.0,1,1,318,High
3,1,9,1,1487,19,0,7,3,1,1,30,60.24,1,165.22222222222223,2.111111111111111,0.0,1,1,26,Low
3,0,36,0,4065,65,0,15,2,1,1,25,185.85,0,112.91666666666667,1.8055555555555556,0.0,0,1,80,Medium
5,0,35,0,2148,54,352,22,2,1,1,25,1683.09,0,61.371428571428574,1.542857142857143,10.057142857142857,0,1,428,Very High
5,0,36,0,3893,60,0,33,1,1,1,15,217.415,0,108.13888888888889,1.6666666666666667,0.0,0,1,93,Medium
0,0,36,0,2088,52,0,31,1,1,1,15,117.7,0,58.0,1.4444444444444444,0.0,0,0,83,Medium
6,0,36,0,3470,76,25,26,2,1,1,25,272.07,0,96.38888888888889,2.111111111111111,0.6944444444444444,0,1,127,High
0,0,36,0,2055,33,278,16,3,1,1,30,1195.52,0,57.083333333333336,0.9166666666666666,7.722222222222222,0,0,327,Very High
8,0,35,1,8810,115,137,41,3,1,1,30,905.0,0,251.71428571428572,3.2857142857142856,3.914285714285714,0,1,293,Very High
2,0,36,0,13468,163,0,42,3,1,1,30,545.24,0,374.1111111111111,4.527777777777778,0.0,0,1,205,High
2,0,36,0,4210,77,0,23,3,1,1,30,171.48,0,116.94444444444444,2.138888888888889,0.0,0,1,100,Medium
1,0,36,0,5613,89,0,10,2,1,1,25,256.59,0,155.91666666666666,2.4722222222222223,0.0,0,1,99,High
4,0,36,0,1933,48,1,15,3,1,2,30,83.24,0,53.69444444444444,1.3333333333333333,0.027777777777777776,0,1,64,Low
20,0,36,2,14835,219,47,30,3,1,1,30,790.16,0,412.0833333333333,6.083333333333333,1.3055555555555556,0,1,296,Very High
0,0,36,0,2790,21,476,6,3,1,1,30,2016.44,0,77.5,0.5833333333333334,13.222222222222221,0,0,503,Very High
4,0,35,0,15180,176,143,28,2,1,1,25,1334.52,0,433.7142857142857,5.0285714285714285,4.085714285714285,0,1,347,Very High
0,0,35,0,6195,80,179,24,3,1,1,30,967.0,0,177.0,2.2857142857142856,5.114285714285714,0,0,283,Very High
0,0,35,0,570,8,0,9,2,1,2,25,26.01,0,16.285714285714285,0.22857142857142856,0.0,0,0,17,Low
0,0,36,0,405,8,6,6,2,1,2,25,45.585,0,11.25,0.2222222222222222,0.16666666666666666,0,0,20,Low
0,0,35,0,7203,121,377,41,2,1,1,25,2026.08,0,205.8,3.4571428571428573,10.771428571428572,0,0,539,Very High
2,0,35,0,11160,148,4,45,3,1,1,30,468.32,0,318.85714285714283,4.228571428571429,0.11428571428571428,0,1,197,High
3,0,35,0,6413,69,101,35,2,1,1,25,746.19,0,183.22857142857143,1.9714285714285715,2.8857142857142857,0,1,205,High
18,0,31,0,650,41,9,15,2,1,2,25,71.595,1,20.967741935483872,1.3225806451612903,0.2903225806451613,0,1,65,Low
16,0,34,7,10130,87,0,40,4,1,1,45,255.425,0,297.94117647058823,2.5588235294117645,0.0,0,1,127,High
8,1,34,0,5513,92,19,22,2,1,1,25,337.725,1,162.14705882352942,2.7058823529411766,0.5588235294117647,1,1,133,High
0,0,32,0,2535,16,0,12,3,1,1,30,102.04,0,79.21875,0.5,0.0,0,0,28,Low
4,0,33,0,2685,35,2,14,2,1,2,25,131.4,1,81.36363636363636,1.0606060606060606,0.06060606060606061,0,1,51,Medium
4,0,34,0,1963,38,27,29,3,1,2,30,188.04,1,57.73529411764706,1.1176470588235294,0.7941176470588235,0,1,94,Medium
0,0,34,0,1363,19,0,4,3,1,1,30,55.28,0,40.088235294117645,0.5588235294117647,0.0,0,0,23,Low
0,0,31,0,6480,91,7,20,4,1,1,45,181.775,0,209.03225806451613,2.935483870967742,0.22580645161290322,0,0,118,Medium
0,0,34,0,323,1,2,2,4,1,2,45,13.1,1,9.5,0.029411764705882353,0.058823529411764705,0,0,5,Low
20,0,29,2,15770,232,0,78,2,1,1,25,720.09,0,543.7931034482758,8.0,0.0,0,1,310,High
1,0,32,2,6660,110,264,31,2,2,1,25,1492.65,0,208.125,3.4375,8.25,0,1,405,Very High
0,0,34,0,3413,76,0,26,2,1,1,25,157.005,0,100.38235294117646,2.235294117647059,0.0,0,0,102,Medium
0,0,33,0,1360,38,31,18,3,1,2,30,179.92,0,41.21212121212121,1.1515151515151516,0.9393939393939394,0,0,87,Medium
1,0,34,0,2475,47,168,21,2,1,1,25,869.49,0,72.79411764705883,1.3823529411764706,4.9411764705882355,0,1,236,Very High
0,1,25,0,1010,30,186,9,2,2,1,25,883.8,1,40.4,1.2,7.44,1,0,225,Very High
0,0,24,0,1263,33,23,66,4,1,1,45,89.9,0,52.625,1.375,0.9583333333333334,0,0,122,Low
6,0,25,0,395,19,3,5,2,1,2,25,32.13,0,15.8,0.76,0.12,0,1,27,Low
0,0,24,0,520,4,14,1,4,1,2,45,48.1,0,21.666666666666668,0.16666666666666666,0.5833333333333334,0,0,19,Low
5,0,23,0,920,26,12,11,2,1,1,25,96.57,0,40.0,1.1304347826086956,0.5217391304347826,0,1,49,Low
0,0,23,0,2920,55,1,21,3,1,1,30,123.0,0,126.95652173913044,2.391304347826087,0.043478260869565216,0,0,77,Medium
0,0,16,0,1390,20,21,12,2,1,1,25,157.95,0,86.875,1.25,1.3125,0,0,53,Medium
11,0,15,0,6088,135,78,40,1,2,1,15,771.265,0,405.8666666666667,9.0,5.2,0,1,253,High
7,0,13,0,8628,165,66,38,4,1,1,45,384.825,0,663.6923076923077,12.692307692307692,5.076923076923077,0,1,269,High
3,0,14,2,2548,39,24,17,3,1,1,30,199.48,0,182.0,2.7857142857142856,1.7142857142857142,0,1,80,Medium
0,0,7,0,4085,34,208,8,3,1,1,30,996.76,0,583.5714285714286,4.857142857142857,29.714285714285715,0,0,250,Very High
0,1,7,0,1183,13,0,5,2,1,2,25,53.82,1,169.0,1.8571428571428572,0.0,1,0,18,Low
6,0,38,0,4125,68,3,17,2,1,1,25,202.185,0,108.55263157894737,1.7894736842105263,0.07894736842105263,0,1,88,Medium
0,0,39,0,73,2,5,4,2,1,1,25,25.875,0,1.8717948717948718,0.05128205128205128,0.1282051282051282,0,0,11,Low
8,0,37,0,2208,57,357,24,2,1,1,25,1708.425,0,59.67567567567568,1.5405405405405406,9.64864864864865,0,1,438,Very High
8,0,38,0,3953,63,0,35,1,1,1,15,220.88,0,104.02631578947368,1.6578947368421053,0.0,0,1,98,Medium
1,0,38,0,2148,55,0,33,1,1,1,15,121.165,0,56.526315789473685,1.4473684210526316,0.0,0,1,88,Medium
9,0,38,1,3530,79,30,28,3,1,1,30,264.36,0,92.89473684210526,2.0789473684210527,0.7894736842105263,0,1,137,High
2,0,38,0,2115,36,283,18,3,1,1,30,1218.04,0,55.6578947368421,0.9473684210526315,7.447368421052632,0,1,337,Very High
11,0,37,2,8870,118,142,43,3,1,1,30,927.52,0,239.72972972972974,3.189189189189189,3.8378378378378377,0,1,303,Very High
5,0,38,0,13528,166,0,44,3,1,1,30,547.76,0,356.0,4.368421052631579,0.0,0,1,210,High
5,0,38,1,4270,80,0,25,3,1,1,30,174.0,0,112.36842105263158,2.1052631578947367,0.0,0,1,105,Medium
4,0,38,0,5673,92,5,12,2,1,1,25,281.925,0,149.28947368421052,2.4210526315789473,0.13157894736842105,0,1,109,High
7,0,38,0,1993,51,6,17,3,1,1,30,105.76,0,52.44736842105263,1.3421052631578947,0.15789473684210525,0,1,74,Low
23,0,38,3,14895,222,52,32,3,1,1,30,812.68,0,391.9736842105263,5.842105263157895,1.368421052631579,0,1,306,Very High
2,0,38,1,2850,24,481,8,3,1,1,30,2038.96,0,75.0,0.631578947368421,12.657894736842104,0,1,513,Very High
7,0,37,0,15240,179,148,30,2,1,1,25,1359.855,0,411.8918918918919,4.837837837837838,4.0,0,1,357,Very High
1,0,37,1,6255,83,184,26,3,1,1,30,989.52,0,169.05405405405406,2.2432432432432434,4.972972972972973,0,1,293,Very High
0,0,37,0,630,11,0,11,2,1,1,25,28.845,0,17.027027027027028,0.2972972972972973,0.0,0,0,22,Low
0,0,38,0,465,11,11,8,2,1,1,25,70.92,0,12.236842105263158,0.2894736842105263,0.2894736842105263,0,0,30,Low
0,0,37,0,0,0,0,0,2,1,1,25,0.0,1,0.0,0.0,0.0,0,0,0,Low
1,0,37,0,7263,124,382,43,2,1,1,25,2051.415,0,196.2972972972973,3.3513513513513513,10.324324324324325,0,1,549,Very High
5,0,37,1,11220,151,9,47,3,1,1,30,490.84,0,303.2432432432432,4.081081081081081,0.24324324324324326,0,1,207,High
6,0,37,1,6473,72,106,37,2,1,1,25,771.525,0,174.94594594594594,1.945945945945946,2.864864864864865,0,1,215,High
21,1,33,0,710,44,14,17,2,1,1,25,96.93,1,21.515151515151516,1.3333333333333333,0.42424242424242425,1,1,75,Low
19,0,36,8,10190,90,0,42,4,1,1,45,257.0,0,283.05555555555554,2.5,0.0,0,1,132,High
11,1,36,1,5573,95,24,24,2,1,1,25,363.06,1,154.80555555555554,2.638888888888889,0.6666666666666666,1,1,143,High
0,0,34,0,2595,19,0,14,3,1,1,30,104.56,0,76.32352941176471,0.5588235294117647,0.0,0,0,33,Low
7,0,35,0,2745,38,7,16,3,1,1,30,139.32,1,78.42857142857143,1.0857142857142856,0.2,0,1,61,Medium
7,1,36,0,2023,41,32,31,3,1,1,30,210.56,1,56.19444444444444,1.1388888888888888,0.8888888888888888,1,1,104,Medium
0,0,36,0,0,0,0,0,3,1,1,30,0.0,1,0.0,0.0,0.0,0,0,0,Low
0,0,36,0,1423,22,0,6,3,1,1,30,57.8,0,39.52777777777778,0.6111111111111112,0.0,0,0,28,Low
1,0,33,1,6540,94,12,22,4,1,1,45,195.85,0,198.1818181818182,2.8484848484848486,0.36363636363636365,0,1,128,Medium
0,0,36,0,383,4,7,4,4,1,1,45,27.175,1,10.63888888888889,0.1111111111111111,0.19444444444444445,0,0,15,Low
0,0,36,1,93,1,2,2,5,1,1,55,4.41,0,2.5833333333333335,0.027777777777777776,0.05555555555555555,0,0,5,Low
23,0,31,3,15830,235,0,80,2,1,1,25,722.925,0,510.64516129032256,7.580645161290323,0.0,0,1,315,High
4,0,34,3,6720,113,269,33,2,2,1,25,1517.985,0,197.64705882352942,3.323529411764706,7.911764705882353,0,1,415,Very High
0,0,36,0,3473,79,0,28,2,1,1,25,159.84,0,96.47222222222223,2.1944444444444446,0.0,0,0,107,Medium
1,0,35,0,1420,41,36,20,3,1,1,30,202.44,0,40.57142857142857,1.1714285714285715,1.0285714285714285,0,1,97,Medium
4,0,36,0,2535,50,173,23,2,1,1,25,894.825,0,70.41666666666667,1.3888888888888888,4.805555555555555,0,1,246,Very High
2,1,27,1,1070,33,191,11,2,2,1,25,909.135,0,39.629629629629626,1.2222222222222223,7.074074074074074,1,1,235,Very High
2,0,26,0,1323,36,28,68,4,1,1,45,103.975,0,50.88461538461539,1.3846153846153846,1.0769230769230769,0,1,132,Low
9,0,27,0,455,22,8,7,2,1,1,25,57.465,0,16.85185185185185,0.8148148148148148,0.2962962962962963,0,1,37,Low
0,0,26,0,580,7,19,3,4,1,1,45,62.175,0,22.307692307692307,0.2692307692307692,0.7307692307692307,0,0,29,Low
8,0,25,0,980,29,17,13,2,1,1,25,121.905,0,39.2,1.16,0.68,0,1,59,Medium
0,0,25,0,2980,58,6,23,3,1,1,30,145.52,0,119.2,2.32,0.24,0,0,87,Medium
0,0,18,0,1450,23,26,14,2,1,1,25,183.285,0,80.55555555555556,1.2777777777777777,1.4444444444444444,0,0,63,Medium
14,1,17,1,6148,138,83,42,1,2,1,15,802.23,0,361.6470588235294,8.117647058823529,4.882352941176471,1,1,263,Very High
10,0,15,0,8688,168,71,40,4,1,1,45,398.9,0,579.2,11.2,4.733333333333333,0,1,279,High
6,0,16,3,2608,42,29,19,3,1,1,30,222.0,0,163.0,2.625,1.8125,0,1,90,Medium
0,0,9,1,4145,37,213,10,3,1,1,30,1019.28,0,460.55555555555554,4.111111111111111,23.666666666666668,0,0,260,Very High
1,1,9,1,1243,16,0,7,3,1,1,30,50.36,1,138.11111111111111,1.7777777777777777,0.0,1,1,23,Low
0,0,34,0,4005,62,0,13,2,1,1,25,183.015,0,117.79411764705883,1.8235294117647058,0.0,0,0,75,Medium
2,0,33,0,2088,51,347,20,2,1,1,25,1657.755,0,63.27272727272727,1.5454545454545454,10.515151515151516,0,1,418,Very High
2,0,34,0,3833,57,0,31,2,1,1,25,175.05,0,112.73529411764706,1.6764705882352942,0.0,0,1,88,Medium
0,0,34,0,2028,49,0,29,1,1,1,15,114.235,0,59.64705882352941,1.4411764705882353,0.0,0,0,78,Low
3,0,34,0,3410,73,20,24,2,1,1,25,246.735,0,100.29411764705883,2.1470588235294117,0.5882352941176471,0,1,117,High
0,0,34,0,1995,30,273,14,3,1,1,30,1173.0,0,58.6764705882353,0.8823529411764706,8.029411764705882,0,0,317,Very High
5,0,33,0,8750,112,132,39,3,1,1,30,882.48,0,265.1515151515151,3.393939393939394,4.0,0,1,283,Very High
0,0,34,0,13408,160,0,40,3,1,1,30,542.72,0,394.3529411764706,4.705882352941177,0.0,0,0,200,High
0,0,34,0,4150,74,0,21,3,1,1,30,168.96,0,122.05882352941177,2.176470588235294,0.0,0,0,95,Medium
0,0,34,0,5553,86,0,8,2,1,1,25,253.755,0,163.3235294117647,2.5294117647058822,0.0,0,0,94,High
1,0,34,0,1873,45,0,13,3,1,2,30,76.72,0,55.088235294117645,1.3235294117647058,0.0,0,1,58,Low
17,0,34,1,14775,216,42,28,2,1,1,25,863.595,0,434.55882352941177,6.352941176470588,1.2352941176470589,0,1,286,Very High
0,0,34,0,2730,18,471,4,3,1,1,30,1993.92,0,80.29411764705883,0.5294117647058824,13.852941176470589,0,0,493,Very High
1,0,33,0,15120,173,138,26,2,1,1,25,1309.185,0,458.1818181818182,5.242424242424242,4.181818181818182,0,1,337,Very High
0,0,33,0,6135,77,174,22,3,1,1,30,944.48,0,185.9090909090909,2.3333333333333335,5.2727272727272725,0,0,273,Very High
0,0,33,0,510,5,0,7,2,1,2,25,23.175,0,15.454545454545455,0.15151515151515152,0.0,0,0,12,Low
0,0,34,0,345,5,1,4,2,1,2,25,20.25,0,10.147058823529411,0.14705882352941177,0.029411764705882353,0,0,10,Low
0,0,33,0,7143,118,372,39,2,1,1,25,2000.745,0,216.45454545454547,3.5757575757575757,11.272727272727273,0,0,529,Very High
0,0,33,0,11100,145,0,43,3,1,1,30,449.8,0,336.3636363636364,4.393939393939394,0.0,0,0,188,High
0,0,33,0,6353,66,96,33,2,1,1,25,720.855,0,192.5151515151515,2.0,2.909090909090909,0,0,195,High
15,0,29,0,590,38,4,13,2,1,2,25,46.26,1,20.344827586206897,1.3103448275862069,0.13793103448275862,0,1,55,Low
13,0,32,6,10070,84,0,38,4,1,1,45,253.85,0,314.6875,2.625,0.0,0,1,122,High
5,1,32,0,5453,89,14,20,2,1,1,25,312.39,1,170.40625,2.78125,0.4375,1,1,123,High
0,0,30,0,2475,13,0,10,3,1,1,30,99.52,0,82.5,0.43333333333333335,0.0,0,0,23,Low
1,1,31,0,2625,32,0,12,2,1,2,25,119.565,1,84.6774193548387,1.032258064516129,0.0,1,1,44,Medium
1,0,32,0,1903,35,22,27,3,1,2,30,165.52,1,59.46875,1.09375,0.6875,0,1,84,Medium
0,1,32,0,0,0,0,0,2,1,2,25,0.0,1,0.0,0.0,0.0,1,0,0,Low
0,0,32,0,1303,16,0,2,3,1,1,30,52.76,0,40.71875,0.5,0.0,0,0,18,Low
0,0,29,0,6420,88,2,18,4,1,1,45,167.7,0,221.3793103448276,3.0344827586206895,0.06896551724137931,0,0,108,Medium
0,0,32,0,263,1,0,1,3,1,2,30,10.56,1,8.21875,0.03125,0.0,0,0,2,Low
0,0,32,0,0,0,0,0,4,1,1,45,0.0,0,0.0,0.0,0.0,0,0,0,Low
17,0,27,1,15710,229,0,76,2,1,1,25,717.255,0,581.8518518518518,8.481481481481481,0.0,0,1,305,High
0,0,30,1,6600,107,259,29,2,2,1,25,1467.315,0,220.0,3.566666666666667,8.633333333333333,0,0,395,Very High
0,0,32,0,3353,73,0,24,2,1,1,25,154.17,0,104.78125,2.28125,0.0,0,0,97,Medium
0,0,31,0,1300,35,26,16,3,1,2,30,157.4,0,41.935483870967744,1.1290322580645162,0.8387096774193549,0,0,77,Medium
0,0,32,0,2415,44,163,19,2,1,1,25,844.155,0,75.46875,1.375,5.09375,0,0,226,Very High
0,0,23,0,950,27,181,7,2,2,1,25,858.465,0,41.30434782608695,1.173913043478261,7.869565217391305,0,0,215,Very High
0,0,22,0,1203,30,18,64,4,1,1,45,75.825,0,54.68181818181818,1.3636363636363635,0.8181818181818182,0,0,112,Low
3,0,23,0,335,16,0,3,2,1,2,25,15.795,0,14.565217391304348,0.6956521739130435,0.0,0,1,19,Low
0,0,22,0,0,0,9,0,4,1,2,45,22.5,0,0.0,0.0,0.4090909090909091,0,0,9,Low
2,0,21,0,860,23,7,9,2,1,1,25,71.235,0,40.95238095238095,1.0952380952380953,0.3333333333333333,0,1,39,Low
0,0,21,0,2860,52,0,19,3,1,1,30,116.48,0,136.1904761904762,2.4761904761904763,0.0,0,0,71,Low
0,0,14,0,1330,17,16,10,2,1,1,25,132.615,0,95.0,1.2142857142857142,1.1428571428571428,0,0,43,Medium
8,0,13,0,6028,132,73,38,1,2,1,15,740.3,0,463.6923076923077,10.153846153846153,5.615384615384615,0,1,243,High
4,0,11,0,8568,162,61,36,4,1,1,45,370.75,0,778.9090909090909,14.727272727272727,5.545454545454546,0,1,259,High
0,0,12,1,2488,36,19,15,3,1,1,30,176.96,0,207.33333333333334,3.0,1.5833333333333333,0,0,70,Medium
0,0,5,0,4025,31,203,6,3,1,1,30,974.24,0,805.0,6.2,40.6,0,0,240,Very High
0,1,5,0,1123,10,0,3,2,1,2,25,50.985,1,224.6,2.0,0.0,1,0,13,Low
4,0,40,0,4145,67,8,19,2,1,1,25,225.54,0,103.625,1.675,0.2,0,1,94,Medium
0,0,41,0,93,1,10,6,2,1,2,25,49.23,0,2.268292682926829,0.024390243902439025,0.24390243902439024,0,0,17,Low
6,0,39,0,2228,56,362,26,2,1,1,25,1731.78,0,57.12820512820513,1.435897435897436,9.282051282051283,0,1,444,Very High
6,0,40,0,3973,62,4,37,2,1,1,25,199.575,0,99.325,1.55,0.1,0,1,103,Medium
0,0,40,0,2168,54,5,35,1,1,1,15,149.71,0,54.2,1.35,0.125,0,0,94,Medium
7,0,40,1,3550,78,35,30,3,1,1,30,285.12,0,88.75,1.95,0.875,0,1,143,High
0,0,40,0,2135,35,288,20,3,1,1,30,1238.8,0,53.375,0.875,7.2,0,0,343,Very High
9,0,39,2,8890,117,147,45,3,1,1,30,948.28,0,227.94871794871796,3.0,3.769230769230769,0,1,309,Very High
3,0,40,0,13548,165,3,46,3,1,1,30,560.52,0,338.7,4.125,0.075,0,1,214,High
3,0,40,1,4290,79,5,27,3,1,1,30,194.76,0,107.25,1.975,0.125,0,1,111,Medium
2,0,40,0,5693,91,10,14,2,1,1,25,305.28,0,142.325,2.275,0.25,0,1,115,High
5,0,40,0,2013,50,11,19,3,1,2,30,126.52,0,50.325,1.25,0.275,0,1,80,Medium
21,0,40,3,14915,221,57,34,3,1,1,30,833.44,0,372.875,5.525,1.425,0,1,312,Very High
0,0,40,1,2870,23,486,10,3,1,1,30,2059.72,0,71.75,0.575,12.15,0,0,519,Very High
5,0,39,0,15260,178,153,32,2,1,1,25,1383.21,0,391.28205128205127,4.564102564102564,3.923076923076923,0,1,363,Very High
0,0,39,1,6275,82,189,28,3,1,1,30,1010.28,0,160.89743589743588,2.1025641025641026,4.846153846153846,0,0,299,Very High
0,0,39,0,650,10,3,13,2,1,2,25,43.2,0,16.666666666666668,0.2564102564102564,0.07692307692307693,0,0,26,Low
0,0,40,0,485,10,16,10,2,1,2,25,94.275,0,12.125,0.25,0.4,0,0,36,Low
0,0,39,0,0,0,3,0,2,1,2,25,13.5,1,0.0,0.0,0.07692307692307693,0,0,3,Low
0,0,39,0,7283,123,387,45,2,1,1,25,2074.77,0,186.74358974358975,3.1538461538461537,9.923076923076923,0,0,555,Very High
3,0,39,1,11240,150,14,49,3,1,1,30,511.6,0,288.20512820512823,3.8461538461538463,0.358974358974359,0,1,213,High
4,0,39,1,6493,71,111,39,2,1,1,25,794.88,0,166.48717948717947,1.8205128205128205,2.8461538461538463,0,1,221,Very High
19,0,35,0,730,43,19,19,2,1,2,25,120.285,1,20.857142857142858,1.2285714285714286,0.5428571428571428,0,1,81,Medium
17,0,38,8,10210,89,4,44,4,2,1,45,267.475,0,268.6842105263158,2.3421052631578947,0.10526315789473684,0,1,137,High
9,0,38,1,5593,94,29,26,2,1,1,25,386.415,1,147.18421052631578,2.473684210526316,0.7631578947368421,0,1,149,High
0,0,36,0,2615,18,3,16,3,1,1,30,117.32,0,72.63888888888889,0.5,0.08333333333333333,0,0,37,Low
5,1,37,0,2765,37,12,18,2,1,2,25,180.09,1,74.72972972972973,1.0,0.32432432432432434,1,1,67,Medium
5,0,38,0,2043,40,37,33,3,1,2,30,231.32,1,53.76315789473684,1.0526315789473684,0.9736842105263158,0,1,110,Medium
0,0,38,0,0,0,3,0,3,1,2,30,12.0,1,0.0,0.0,0.07894736842105263,0,0,3,Low
0,0,38,0,1443,21,3,8,3,1,1,30,70.56,0,37.973684210526315,0.5526315789473685,0.07894736842105263,0,0,32,Low
0,0,35,1,6560,93,17,24,4,1,1,45,208.825,0,187.42857142857142,2.657142857142857,0.4857142857142857,0,0,134,Medium
0,1,38,0,403,3,12,6,4,1,2,45,40.15,1,10.605263157894736,0.07894736842105263,0.3157894736842105,1,0,21,Low
0,0,38,1,0,0,7,0,5,1,1,55,10.5,0,0.0,0.0,0.18421052631578946,0,0,7,Low
21,0,33,3,15850,234,3,82,2,1,1,25,737.28,0,480.3030303030303,7.090909090909091,0.09090909090909091,0,1,319,High
2,0,36,3,6740,112,274,35,2,2,1,25,1541.34,0,187.22222222222223,3.111111111111111,7.611111111111111,0,1,421,Very High
0,0,38,0,3493,78,5,30,2,1,1,25,183.195,0,91.92105263157895,2.0526315789473686,0.13157894736842105,0,0,113,Medium
0,0,37,0,1440,40,41,22,3,1,2,30,223.2,0,38.91891891891892,1.0810810810810811,1.1081081081081081,0,0,103,Medium
2,0,38,0,2555,49,178,25,2,1,1,25,918.18,0,67.23684210526316,1.2894736842105263,4.684210526315789,0,1,252,Very High
0,0,29,1,1090,32,196,13,2,2,1,25,932.49,0,37.58620689655172,1.103448275862069,6.758620689655173,0,0,241,Very High
0,0,28,0,1343,35,33,70,4,1,1,45,116.95,0,47.964285714285715,1.25,1.1785714285714286,0,0,138,Low
7,0,29,0,475,21,13,9,2,1,2,25,80.82,0,16.379310344827587,0.7241379310344828,0.4482758620689655,0,1,43,Low
0,0,28,0,600,6,24,5,4,1,2,45,75.15,0,21.428571428571427,0.21428571428571427,0.8571428571428571,0,0,35,Low
6,0,27,0,1000,28,22,15,2,1,1,25,145.26,0,37.03703703703704,1.037037037037037,0.8148148148148148,0,1,65,Medium
0,0,27,0,3000,57,11,25,3,1,1,30,166.28,0,111.11111111111111,2.111111111111111,0.4074074074074074,0,0,93,Medium
0,0,20,0,1470,22,31,16,2,1,1,25,206.64,0,73.5,1.1,1.55,0,0,69,Medium
12,0,19,1,6168,137,88,44,1,2,1,15,830.775,0,324.63157894736844,7.2105263157894735,4.631578947368421,0,1,269,Very High
8,0,17,0,8708,167,76,42,4,1,1,45,411.875,0,512.2352941176471,9.823529411764707,4.470588235294118,0,1,285,High
4,0,18,3,2628,41,34,21,3,1,1,30,242.76,0,146.0,2.2777777777777777,1.8888888888888888,0,1,96,High
0,0,11,1,4165,36,218,12,3,1,1,30,1040.04,0,378.6363636363636,3.272727272727273,19.818181818181817,0,0,266,Very High
0,1,11,1,1263,15,3,9,3,1,1,30,63.12,1,114.81818181818181,1.3636363636363635,0.2727272727272727,1,0,27,Low
2,0,32,0,3985,63,0,11,2,1,1,25,182.16,0,124.53125,1.96875,0.0,0,1,74,Medium
4,0,31,0,2068,52,342,18,2,1,1,25,1634.4,0,66.70967741935483,1.6774193548387097,11.03225806451613,0,1,412,Very High
4,0,32,0,3813,58,0,29,1,1,1,15,212.905,0,119.15625,1.8125,0.0,0,1,87,Medium
0,0,32,0,2008,50,0,27,1,1,1,15,113.19,0,62.75,1.5625,0.0,0,0,77,Low
5,0,32,0,3390,74,15,22,2,1,1,25,223.38,0,105.9375,2.3125,0.46875,0,1,111,Medium
0,0,32,0,1975,31,268,12,3,1,1,30,1152.24,0,61.71875,0.96875,8.375,0,0,311,Very High
7,0,31,0,8730,113,127,37,3,1,1,30,861.72,0,281.61290322580646,3.6451612903225805,4.096774193548387,0,1,277,Very High
1,0,32,0,13388,161,0,38,3,1,1,30,541.96,0,418.375,5.03125,0.0,0,1,199,High
1,0,32,0,4130,75,0,19,3,1,1,30,168.2,0,129.0625,2.34375,0.0,0,1,94,Medium
0,0,32,0,5533,87,0,6,2,1,1,25,252.9,0,172.90625,2.71875,0.0,0,0,93,High
3,0,32,0,1853,46,0,11,3,1,2,30,75.96,0,57.90625,1.4375,0.0,0,1,57,Low
19,0,32,1,14755,217,37,26,3,1,1,30,746.88,0,461.09375,6.78125,1.15625,0,1,280,High
0,0,32,0,2710,19,466,2,3,1,1,30,1973.16,0,84.6875,0.59375,14.5625,0,0,487,Very High
3,0,31,0,15100,174,133,24,2,1,1,25,1285.83,0,487.0967741935484,5.612903225806452,4.290322580645161,0,1,331,Very High
0,0,31,0,6115,78,169,20,3,1,1,30,923.72,0,197.25806451612902,2.5161290322580645,5.451612903225806,0,0,267,Very High
0,0,31,0,490,6,0,5,2,1,2,25,22.32,0,15.806451612903226,0.1935483870967742,0.0,0,0,11,Low
0,0,32,0,325,6,0,2,2,1,2,25,14.895,0,10.15625,0.1875,0.0,0,0,8,Low
0,0,31,0,7123,119,367,37,2,1,1,25,1977.39,0,229.7741935483871,3.838709677419355,11.838709677419354,0,0,523,Very High
1,0,31,0,11080,146,0,41,3,1,1,30,449.04,0,357.4193548387097,4.709677419354839,0.0,0,1,187,High
2,0,31,0,6333,67,91,31,2,1,1,25,697.5,0,204.29032258064515,2.161290322580645,2.935483870967742,0,1,189,High
17,0,27,0,570,39,0,11,2,1,2,25,27.405,1,21.11111111111111,1.4444444444444444,0.0,0,1,50,Low
15,0,30,6,10050,85,0,36,4,1,1,45,253.375,0,335.0,2.8333333333333335,0.0,0,1,121,High
7,0,30,0,5433,90,9,18,2,1,1,25,289.035,1,181.1,3.0,0.3,0,1,117,High
0,0,28,0,2455,14,0,8,3,1,1,30,98.76,0,87.67857142857143,0.5,0.0,0,0,22,Low
3,1,29,0,2605,33,0,10,2,1,2,25,118.71,1,89.82758620689656,1.1379310344827587,0.0,1,1,43,Medium
3,0,30,0,1883,36,17,25,3,1,2,30,144.76,1,62.766666666666666,1.2,0.5666666666666667,0,1,78,Medium
0,0,30,0,0,0,0,0,2,1,2,25,0.0,1,0.0,0.0,0.0,0,0,0,Low
0,0,30,0,1283,17,0,5,3,1,1,30,52.0,0,42.766666666666666,0.5666666666666667,0.0,0,0,22,Low
0,0,27,0,6400,89,0,16,4,1,1,45,162.225,0,237.03703703703704,3.2962962962962963,0.0,0,0,105,Medium
0,0,30,0,0,0,0,0,4,1,1,45,0.0,0,0.0,0.0,0.0,0,0,0,Low
19,0,25,1,15690,230,0,74,2,1,1,25,716.4,0,627.6,9.2,0.0,0,1,304,High
0,0,28,1,6580,108,254,27,2,2,1,25,1443.96,0,235.0,3.857142857142857,9.071428571428571,0,0,389,Very High
0,0,30,0,3333,74,0,22,2,1,1,25,153.315,0,111.1,2.466666666666667,0.0,0,0,96,Medium
0,0,29,0,1280,36,21,14,3,1,2,30,136.64,0,44.13793103448276,1.2413793103448276,0.7241379310344828,0,0,71,Medium
0,0,30,0,2395,45,158,17,2,1,1,25,820.8,0,79.83333333333333,1.5,5.266666666666667,0,0,220,Very High
0,0,21,0,930,28,176,5,2,2,1,25,835.11,0,44.285714285714285,1.3333333333333333,8.380952380952381,0,0,209,Very High
0,0,20,0,1183,31,13,62,4,1,1,45,62.85,0,59.15,1.55,0.65,0,0,106,Low
5,0,21,0,315,17,0,1,2,1,2,25,14.94,0,15.0,0.8095238095238095,0.0,0,1,18,Low
0,0,20,0,0,0,4,0,4,1,2,45,10.0,0,0.0,0.0,0.2,0,0,4,Low
4,0,19,0,840,24,2,7,2,1,1,25,47.88,0,44.21052631578947,1.263157894736842,0.10526315789473684,0,1,33,Low
0,0,19,0,2840,53,0,17,3,1,1,30,115.72,0,149.47368421052633,2.789473684210526,0.0,0,0,70,Low
0,0,12,0,1310,18,11,8,2,1,1,25,109.26,0,109.16666666666667,1.5,0.9166666666666666,0,0,37,Low
10,0,11,0,6008,133,68,36,1,2,1,15,711.755,0,546.1818181818181,12.090909090909092,6.181818181818182,0,1,237,High
6,0,9,0,8548,163,56,34,4,1,1,45,357.775,0,949.7777777777778,18.11111111111111,6.222222222222222,0,1,253,High
2,0,10,1,2468,37,14,13,3,1,1,30,156.2,0,246.8,3.7,1.4,0,1,64,Medium
0,0,3,0,4005,32,198,4,3,1,1,30,953.48,0,1335.0,10.666666666666666,66.0,0,0,234,Very High
0,0,3,0,1103,11,0,1,2,1,1,25,50.13,1,367.6666666666667,3.6666666666666665,0.0,0,0,12,Low
8,0,42,0,4325,75,13,21,3,1,1,30,228.0,0,102.97619047619048,1.7857142857142858,0.30952380952380953,0,1,109,Medium
0,0,43,0,273,9,15,8,2,1,2,25,80.19,0,6.348837209302325,0.20930232558139536,0.3488372093023256,0,0,32,Low
10,0,41,0,2408,64,367,28,3,1,1,30,1566.88,0,58.73170731707317,1.5609756097560976,8.951219512195122,0,1,459,Very High
10,0,42,0,4153,70,9,39,1,1,1,15,281.765,0,98.88095238095238,1.6666666666666667,0.21428571428571427,0,1,118,High
3,0,42,0,2348,62,10,37,1,1,1,15,187.55,0,55.904761904761905,1.4761904761904763,0.23809523809523808,0,1,109,Medium
11,0,42,1,3730,86,40,32,3,1,1,30,312.64,0,88.80952380952381,2.0476190476190474,0.9523809523809523,0,1,158,High
4,0,42,0,2315,43,293,22,3,1,1,30,1266.32,0,55.11904761904762,1.0238095238095237,6.976190476190476,0,1,358,Very High
13,0,41,2,9070,125,152,47,3,1,1,30,975.8,0,221.21951219512195,3.048780487804878,3.707317073170732,0,1,324,Very High
7,0,42,0,13728,173,8,48,3,1,1,30,588.04,0,326.85714285714283,4.119047619047619,0.19047619047619047,0,1,229,High
7,0,42,1,4470,87,10,29,3,1,1,30,222.28,0,106.42857142857143,2.0714285714285716,0.23809523809523808,0,1,126,Medium
6,0,42,0,5873,99,15,16,3,1,1,30,298.88,0,139.83333333333334,2.357142857142857,0.35714285714285715,0,1,130,High
9,1,42,0,2193,58,16,21,3,1,2,30,154.04,0,52.214285714285715,1.380952380952381,0.38095238095238093,1,1,95,Medium
25,0,42,3,15095,229,62,36,3,1,1,30,860.96,0,359.4047619047619,5.4523809523809526,1.4761904761904763,0,1,327,Very High
4,0,42,1,3050,31,491,12,3,1,1,30,2087.24,0,72.61904761904762,0.7380952380952381,11.69047619047619,0,1,534,Very High
9,0,41,0,15440,186,158,34,2,1,1,25,1414.17,0,376.5853658536585,4.536585365853658,3.8536585365853657,0,1,378,Very High
3,0,41,1,6455,90,194,30,3,1,1,30,1037.8,0,157.4390243902439,2.1951219512195124,4.7317073170731705,0,1,314,Very High
0,0,41,0,830,18,8,15,2,1,2,25,74.16,0,20.24390243902439,0.43902439024390244,0.1951219512195122,0,0,41,Low
2,0,42,0,665,18,21,12,3,1,2,30,111.32,0,15.833333333333334,0.42857142857142855,0.5,0,1,51,Low
0,0,41,0,0,0,8,0,2,1,2,25,36.0,1,0.0,0.0,0.1951219512195122,0,0,8,Low
3,0,41,0,7463,131,392,47,2,1,1,25,2105.73,0,182.02439024390245,3.1951219512195124,9.560975609756097,0,1,570,Very High
7,0,41,1,11420,158,19,51,4,1,1,45,336.95,0,278.5365853658537,3.8536585365853657,0.4634146341463415,0,1,228,High
8,0,41,1,6673,79,116,41,2,1,1,25,825.84,0,162.7560975609756,1.9268292682926829,2.8292682926829267,0,1,236,Very High
23,1,37,0,910,51,24,21,2,1,2,25,151.245,1,24.594594594594593,1.3783783783783783,0.6486486486486487,1,1,96,Medium
21,1,40,8,10390,97,9,46,5,2,1,55,170.805,0,259.75,2.425,0.225,1,1,152,Medium
13,0,40,1,5773,102,34,28,2,1,1,25,417.375,0,144.325,2.55,0.85,0,1,164,High
1,0,38,0,2795,26,8,18,3,1,1,30,144.84,0,73.55263157894737,0.6842105263157895,0.21052631578947367,0,1,52,Medium
9,1,39,0,2945,45,17,20,3,1,2,30,187.6,1,75.51282051282051,1.1538461538461537,0.4358974358974359,1,1,82,Medium
9,0,40,0,2223,48,42,35,3,1,2,30,258.84,1,55.575,1.2,1.05,0,1,125,High
0,0,40,0,88,6,8,6,3,1,2,30,35.76,1,2.2,0.15,0.2,0,0,20,Low
1,0,40,0,1623,29,8,10,3,1,1,30,98.08,0,40.575,0.725,0.2,0,1,47,Low
3,0,37,1,6740,101,22,26,5,1,1,55,135.615,0,182.16216216216216,2.72972972972973,0.5945945945945946,0,1,149,Medium
0,1,40,0,583,11,17,8,4,1,2,45,57.35,1,14.575,0.275,0.425,1,0,36,Low
0,0,40,1,293,8,12,6,5,1,1,55,22.515,0,7.325,0.2,0.3,0,0,26,Low
25,0,35,3,16030,242,8,84,2,1,1,25,768.24,0,458.0,6.914285714285715,0.22857142857142856,0,1,334,High
6,0,38,3,6920,120,279,37,2,2,1,25,1572.3,0,182.10526315789474,3.1578947368421053,7.342105263157895,0,1,436,Very High
2,0,40,0,3673,86,10,32,2,1,1,25,214.155,0,91.825,2.15,0.25,0,1,128,Medium
3,0,39,0,1620,48,46,24,3,1,2,30,250.72,0,41.53846153846154,1.2307692307692308,1.1794871794871795,0,1,118,High
6,0,40,0,2735,57,183,27,2,1,1,25,949.14,0,68.375,1.425,4.575,0,1,267,Very High
4,0,31,1,1270,40,201,15,2,2,1,25,963.45,0,40.96774193548387,1.2903225806451613,6.483870967741935,0,1,256,Very High
4,0,30,0,1523,43,38,72,4,1,1,45,134.15,0,50.766666666666666,1.4333333333333333,1.2666666666666666,0,1,153,Medium
11,0,31,0,655,29,18,11,2,1,2,25,111.78,0,21.129032258064516,0.9354838709677419,0.5806451612903226,0,1,58,Low
0,0,30,0,780,14,29,7,4,1,2,45,92.35,0,26.0,0.4666666666666667,0.9666666666666667,0,0,50,Low
10,0,29,0,1180,36,27,17,2,1,1,25,176.22,0,40.689655172413794,1.2413793103448276,0.9310344827586207,0,1,80,Medium
2,0,29,0,3180,65,16,27,3,1,1,30,193.8,0,109.65517241379311,2.2413793103448274,0.5517241379310345,0,1,108,Medium
2,0,22,0,1650,30,36,18,2,1,1,25,237.6,0,75.0,1.3636363636363635,1.6363636363636365,0,1,84,High
16,0,21,1,6348,145,93,46,2,2,1,25,710.685,0,302.2857142857143,6.904761904761905,4.428571428571429,0,1,284,High
12,0,19,0,8888,175,81,44,4,1,1,45,429.075,0,467.7894736842105,9.210526315789474,4.2631578947368425,0,1,300,High
8,0,20,3,2808,49,39,23,3,1,1,30,270.28,0,140.4,2.45,1.95,0,1,111,High
2,0,13,1,4345,44,223,14,3,1,1,30,1067.56,0,334.2307692307692,3.3846153846153846,17.153846153846153,0,1,281,Very High
3,0,13,1,1443,23,8,11,3,1,1,30,90.64,1,111.0,1.7692307692307692,0.6153846153846154,0,1,42,Low
0,0,30,0,3805,55,0,9,2,1,1,25,173.7,0,126.83333333333333,1.8333333333333333,0.0,0,0,64,Medium
0,0,31,0,0,0,0,0,2,1,2,25,0.0,0,0.0,0.0,0.0,0,0,0,Low
0,0,29,0,1888,44,337,16,2,1,1,25,1603.44,0,65.10344827586206,1.5172413793103448,11.620689655172415,0,0,397,Very High
0,0,30,0,3633,50,0,27,1,1,1,15,202.565,0,121.1,1.6666666666666667,0.0,0,0,77,Medium
0,0,30,0,1828,42,0,25,1,1,1,15,102.85,0,60.93333333333333,1.4,0.0,0,0,67,Low
1,0,30,0,3210,66,10,20,2,1,1,25,192.42,0,107.0,2.2,0.3333333333333333,0,1,96,Medium
0,0,30,0,1795,23,263,10,3,1,1,30,1124.72,0,59.833333333333336,0.7666666666666667,8.766666666666667,0,0,296,Very High
3,0,29,0,8550,105,122,35,3,1,1,30,834.2,0,294.82758620689657,3.6206896551724137,4.206896551724138,0,1,262,Very High
0,0,30,0,13208,153,0,36,3,1,1,30,534.44,0,440.26666666666665,5.1,0.0,0,0,189,High
0,0,30,0,3950,67,0,17,3,1,1,30,160.68,0,131.66666666666666,2.2333333333333334,0.0,0,0,84,Medium
0,0,30,0,5353,79,0,4,2,1,1,25,244.44,0,178.43333333333334,2.6333333333333333,0.0,0,0,83,High
0,0,30,0,1673,38,0,9,3,1,2,30,68.44,0,55.766666666666666,1.2666666666666666,0.0,0,0,47,Low
15,0,30,1,14575,209,32,24,2,1,1,25,809.28,0,485.8333333333333,6.966666666666667,1.0666666666666667,0,1,265,Very High
0,0,30,0,2530,11,461,7,3,1,1,30,1945.64,0,84.33333333333333,0.36666666666666664,15.366666666666667,0,0,479,Very High
0,0,29,0,14920,166,128,22,2,1,1,25,1254.87,0,514.4827586206897,5.724137931034483,4.413793103448276,0,0,316,Very High
0,0,29,0,5935,70,164,18,3,1,1,30,896.2,0,204.6551724137931,2.413793103448276,5.655172413793103,0,0,252,Very High
0,0,29,0,0,0,0,0,2,1,2,25,0.0,0,0.0,0.0,0.0,0,0,0,Low
0,0,30,0,0,0,0,0,2,1,2,25,0.0,0,0.0,0.0,0.0,0,0,0,Low
0,0,29,0,0,0,0,0,2,1,2,25,0.0,1,0.0,0.0,0.0,0,0,0,Low
0,0,29,0,6943,111,362,35,2,1,1,25,1946.43,0,239.41379310344828,3.8275862068965516,12.482758620689655,0,0,508,Very High
0,0,29,0,10900,138,0,39,3,1,1,30,441.52,0,375.86206896551727,4.758620689655173,0.0,0,0,177,High
0,0,29,0,6153,59,86,29,2,1,1,25,666.54,0,212.17241379310346,2.0344827586206895,2.9655172413793105,0,0,174,High
13,1,25,0,390,31,0,9,2,1,2,25,18.945,1,15.6,1.24,0.0,1,1,40,Low
11,0,28,6,9870,77,0,34,4,2,1,45,248.675,0,352.5,2.75,0.0,0,1,111,High
3,0,28,0,5253,82,4,16,2,1,1,25,258.075,1,187.60714285714286,2.9285714285714284,0.14285714285714285,0,1,102,High
0,0,26,0,2275,6,0,6,3,1,1,30,91.24,0,87.5,0.23076923076923078,0.0,0,0,12,Low
0,1,27,0,2425,25,0,8,2,1,2,25,110.25,1,89.81481481481481,0.9259259259259259,0.0,1,0,33,Low
0,1,28,0,1703,28,12,23,3,1,2,30,117.24,1,60.82142857142857,1.0,0.42857142857142855,1,0,63,Low
0,0,28,0,0,0,0,0,2,1,2,25,0.0,1,0.0,0.0,0.0,0,0,0,Low
0,0,28,0,0,0,0,0,3,1,1,30,0.0,0,0.0,0.0,0.0,0,0,0,Low
0,0,25,0,6220,81,0,14,4,1,1,45,157.525,0,248.8,3.24,0.0,0,0,95,Medium
0,0,28,0,0,0,0,0,3,1,2,30,0.0,1,0.0,0.0,0.0,0,0,0,Low
0,1,28,0,0,0,0,0,4,1,1,45,0.0,1,0.0,0.0,0.0,1,0,0,Low
15,0,23,1,15510,222,0,72,2,1,1,25,707.94,0,674.3478260869565,9.652173913043478,0.0,0,1,294,High
0,0,26,1,6400,100,249,25,2,2,1,25,1413.0,0,246.15384615384616,3.8461538461538463,9.576923076923077,0,0,374,Very High
0,0,28,0,3153,66,0,20,2,1,1,25,144.855,0,112.60714285714286,2.357142857142857,0.0,0,0,86,Medium
0,0,27,0,1100,28,16,12,3,1,2,30,109.12,0,40.74074074074074,1.037037037037037,0.5925925925925926,0,0,56,Low
0,0,28,0,2215,37,153,15,2,1,1,25,789.84,0,79.10714285714286,1.3214285714285714,5.464285714285714,0,0,205,High
0,0,19,0,750,20,171,3,2,2,1,25,804.15,0,39.473684210526315,1.0526315789473684,9.0,0,0,194,Very High
0,0,18,0,1003,23,8,60,4,1,1,45,45.65,0,55.72222222222222,1.2777777777777777,0.4444444444444444,0,0,91,Low
0,0,19,0,0,0,0,0,2,1,2,25,0.0,0,0.0,0.0,0.0,0,0,0,Low
0,0,18,0,0,0,0,0,4,1,2,45,0.0,0,0.0,0.0,0.0,0,0,0,Low
0,0,17,0,660,16,0,5,2,1,1,25,30.42,0,38.8235294117647,0.9411764705882353,0.0,0,0,21,Low
0,0,17,0,2660,45,0,15,3,1,1,30,108.2,0,156.47058823529412,2.6470588235294117,0.0,0,0,60,Low
0,0,10,0,1130,10,6,6,2,1,1,25,78.3,0,113.0,1.0,0.6,0,0,22,Low
6,0,9,0,5828,125,63,34,1,2,1,15,673.915,0,647.5555555555555,13.88888888888889,7.0,0,1,222,High
2,0,7,0,8368,155,51,32,4,1,1,45,340.575,0,1195.4285714285713,22.142857142857142,7.285714285714286,0,1,238,High
0,0,8,1,2288,29,9,11,3,1,1,30,128.68,0,286.0,3.625,1.125,0,0,49,Medium
0,0,3,0,3825,24,193,2,2,1,1,25,1041.705,0,1275.0,8.0,64.33333333333333,0,0,219,Very High
0,0,3,0,0,0,0,0,2,1,1,25,0.0,1,0.0,0.0,0.0,0,0,0,Low
5,0,39,0,4245,73,9,20,2,1,1,25,234.81,0,108.84615384615384,1.8717948717948718,0.23076923076923078,0,1,102,High
0,0,40,0,193,7,11,7,2,1,2,25,58.5,0,4.825,0.175,0.275,0,0,25,Low
7,0,38,0,2328,62,363,27,2,1,1,25,1741.05,0,61.26315789473684,1.631578947368421,9.552631578947368,0,1,452,Very High
7,0,39,0,4073,68,5,38,1,1,1,15,255.255,0,104.43589743589743,1.7435897435897436,0.1282051282051282,0,1,111,High
0,0,39,0,2268,60,6,36,1,1,1,15,161.04,0,58.15384615384615,1.5384615384615385,0.15384615384615385,0,0,102,Medium
8,0,39,0,3650,84,36,31,2,1,1,25,330.03,0,93.58974358974359,2.1538461538461537,0.9230769230769231,0,1,151,High
1,0,39,0,2235,41,289,21,3,1,1,30,1247.04,0,57.30769230769231,1.0512820512820513,7.410256410256411,0,1,351,Very High
10,0,38,1,8990,123,148,46,3,1,1,30,956.52,0,236.57894736842104,3.236842105263158,3.8947368421052633,0,1,317,Very High
4,0,39,0,13648,171,4,47,3,1,1,30,568.76,0,349.94871794871796,4.384615384615385,0.10256410256410256,0,1,222,High
4,0,39,0,4390,85,6,28,3,1,1,30,203.0,0,112.56410256410257,2.1794871794871793,0.15384615384615385,0,1,119,Medium
3,0,39,0,5793,97,11,15,2,1,1,25,314.55,0,148.53846153846155,2.4871794871794872,0.28205128205128205,0,1,123,High
6,0,39,0,2113,56,12,20,3,1,2,30,134.76,0,54.17948717948718,1.435897435897436,0.3076923076923077,0,1,88,Medium
22,0,39,2,15015,227,58,35,3,1,1,30,841.68,0,385.0,5.82051282051282,1.4871794871794872,0,1,320,Very High
1,0,39,0,2970,29,487,11,3,1,1,30,2067.96,0,76.15384615384616,0.7435897435897436,12.487179487179487,0,1,527,Very High
6,0,38,0,15360,184,154,33,2,1,1,25,1392.48,0,404.2105263157895,4.842105263157895,4.052631578947368,0,1,371,Very High
0,0,38,0,6375,88,190,29,3,1,1,30,1018.52,0,167.76315789473685,2.3157894736842106,5.0,0,0,307,Very High
0,0,38,0,750,16,4,14,2,1,2,25,52.47,0,19.736842105263158,0.42105263157894735,0.10526315789473684,0,0,34,Low
0,0,39,0,585,16,17,11,2,1,2,25,103.545,0,15.0,0.41025641025641024,0.4358974358974359,0,0,44,Low
0,0,38,0,0,0,4,0,2,1,2,25,18.0,1,0.0,0.0,0.10526315789473684,0,0,4,Low
0,0,38,0,7383,129,388,46,2,1,1,25,2084.04,0,194.28947368421052,3.3947368421052633,10.210526315789474,0,0,563,Very High
4,0,38,0,11340,156,15,50,3,1,1,30,519.84,0,298.42105263157896,4.105263157894737,0.39473684210526316,0,1,221,High
5,0,38,0,6593,77,112,40,2,1,1,25,804.15,0,173.5,2.026315789473684,2.9473684210526314,0,1,229,Very High
20,1,34,0,830,49,20,20,2,1,2,25,129.555,1,24.41176470588235,1.4411764705882353,0.5882352941176471,1,1,89,Medium
18,0,37,7,10310,95,5,45,4,2,1,45,272.625,0,278.64864864864865,2.5675675675675675,0.13513513513513514,0,1,145,High
10,0,37,0,5693,100,30,27,2,1,1,25,395.685,1,153.86486486486487,2.7027027027027026,0.8108108108108109,0,1,157,High
0,0,35,0,2715,24,4,17,3,1,1,30,125.56,0,77.57142857142857,0.6857142857142857,0.11428571428571428,0,0,45,Medium
6,1,36,0,2865,43,13,19,2,1,2,25,189.36,1,79.58333333333333,1.1944444444444444,0.3611111111111111,1,1,75,Medium
6,1,37,0,2143,46,38,34,3,1,2,30,239.56,1,57.91891891891892,1.2432432432432432,1.027027027027027,1,1,118,High
0,0,37,0,8,4,4,5,3,1,2,30,16.48,1,0.21621621621621623,0.10810810810810811,0.10810810810810811,0,0,13,Low
0,0,37,0,1543,27,4,9,3,1,1,30,78.8,0,41.7027027027027,0.7297297297297297,0.10810810810810811,0,0,40,Low
0,0,34,0,6660,99,18,25,4,1,1,45,213.975,0,195.88235294117646,2.911764705882353,0.5294117647058824,0,0,142,Medium
0,1,37,0,503,9,13,7,4,1,2,45,45.3,1,13.594594594594595,0.24324324324324326,0.35135135135135137,1,0,29,Low
0,0,37,0,213,6,8,5,5,1,1,55,15.285,0,5.756756756756757,0.16216216216216217,0.21621621621621623,0,0,19,Low
22,0,32,2,15950,240,4,83,2,1,1,25,746.55,0,498.4375,7.5,0.125,0,1,327,High
3,0,35,2,6840,118,275,36,2,2,1,25,1550.61,0,195.42857142857142,3.3714285714285714,7.857142857142857,0,1,429,Very High
0,0,37,0,3593,84,6,31,2,1,1,25,192.465,0,97.10810810810811,2.27027027027027,0.16216216216216217,0,0,121,Medium
0,0,36,0,1540,46,42,23,3,1,2,30,231.44,0,42.77777777777778,1.2777777777777777,1.1666666666666667,0,0,111,Medium
3,0,37,0,2655,55,179,26,2,1,1,25,927.45,0,71.75675675675676,1.4864864864864864,4.837837837837838,0,1,260,Very High
1,0,28,0,1190,38,197,14,2,2,1,25,941.76,0,42.5,1.3571428571428572,7.035714285714286,0,1,249,Very High
1,0,27,0,1443,41,34,71,4,1,1,45,122.1,0,53.44444444444444,1.5185185185185186,1.2592592592592593,0,1,146,Medium
8,0,28,0,575,27,14,10,2,1,2,25,90.09,0,20.535714285714285,0.9642857142857143,0.5,0,1,51,Low
0,0,27,0,700,12,25,6,4,1,2,45,80.3,0,25.925925925925927,0.4444444444444444,0.9259259259259259,0,0,43,Low
7,0,26,0,1100,34,23,16,2,1,1,25,154.53,0,42.30769230769231,1.3076923076923077,0.8846153846153846,0,1,73,Medium
0,0,26,0,3100,63,12,26,3,1,1,30,174.52,0,119.23076923076923,2.423076923076923,0.46153846153846156,0,0,101,Medium
0,0,19,0,1570,28,32,17,2,1,1,25,215.91,0,82.63157894736842,1.4736842105263157,1.6842105263157894,0,0,77,Medium
13,0,18,0,6268,143,89,45,1,2,1,15,842.105,0,348.22222222222223,7.944444444444445,4.944444444444445,0,1,277,Very High
9,0,16,0,8808,173,77,43,4,1,1,45,417.025,0,550.5,10.8125,4.8125,0,1,293,High
5,0,17,2,2728,47,35,22,3,1,1,30,251.0,0,160.47058823529412,2.764705882352941,2.0588235294117645,0,1,104,High
0,0,10,0,4265,42,219,13,3,1,1,30,1048.28,0,426.5,4.2,21.9,0,0,274,Very High
0,1,10,0,1363,21,4,10,2,1,1,25,80.28,1,136.3,2.1,0.4,1,0,35,Low
1,0,33,0,3885,57,0,10,2,1,1,25,177.39,0,117.72727272727273,1.7272727272727273,0.0,0,1,67,Medium
0,0,34,0,0,0,0,0,2,1,2,25,0.0,0,0.0,0.0,0.0,0,0,0,Low
3,0,32,0,1968,46,341,17,2,1,1,25,1625.13,0,61.5,1.4375,10.65625,0,1,404,Very High
3,0,33,0,3713,52,0,28,1,1,1,15,207.075,0,112.51515151515152,1.5757575757575757,0.0,0,1,80,Medium
0,0,33,0,1908,44,0,26,1,1,1,15,107.36,0,57.81818181818182,1.3333333333333333,0.0,0,0,70,Low
4,0,33,0,3290,68,14,21,2,1,1,25,214.11,0,99.6969696969697,2.0606060606060606,0.42424242424242425,0,1,103,Medium
0,0,33,0,1875,25,267,11,3,1,1,30,1144.0,0,56.81818181818182,0.7575757575757576,8.090909090909092,0,0,303,Very High
6,0,32,1,8630,107,126,36,3,1,1,30,853.48,0,269.6875,3.34375,3.9375,0,1,269,Very High
0,0,33,0,13288,155,0,37,3,1,1,30,537.72,0,402.6666666666667,4.696969696969697,0.0,0,0,192,High
0,0,33,0,4030,69,0,18,3,1,1,30,163.96,0,122.12121212121212,2.090909090909091,0.0,0,0,87,Medium
0,0,33,0,5433,81,0,5,2,1,1,25,248.13,0,164.63636363636363,2.4545454545454546,0.0,0,0,86,High
2,0,33,0,1753,40,0,10,3,1,2,30,71.72,0,53.121212121212125,1.2121212121212122,0.0,0,1,50,Low
18,0,33,2,14655,211,36,25,3,1,1,30,738.64,0,444.09090909090907,6.393939393939394,1.0909090909090908,0,1,272,High
0,0,33,0,2610,13,465,1,3,1,1,30,1964.92,0,79.0909090909091,0.3939393939393939,14.090909090909092,0,0,479,Very High
2,0,32,0,15000,168,132,23,2,1,1,25,1276.56,0,468.75,5.25,4.125,0,1,323,Very High
0,0,32,0,6015,72,168,19,3,1,1,30,915.48,0,187.96875,2.25,5.25,0,0,259,Very High
0,0,32,0,0,0,0,0,2,1,2,25,0.0,0,0.0,0.0,0.0,0,0,0,Low
0,0,32,0,7023,113,366,36,2,1,1,25,1968.12,0,219.46875,3.53125,11.4375,0,0,515,Very High
0,0,32,0,10980,140,0,40,3,1,1,30,444.8,0,343.125,4.375,0.0,0,0,180,High
1,0,32,0,6233,61,90,30,2,1,1,25,688.23,0,194.78125,1.90625,2.8125,0,1,181,High
16,0,28,0,470,33,0,10,2,1,2,25,22.635,1,16.785714285714285,1.1785714285714286,0.0,0,1,43,Low
14,0,31,7,9950,79,0,35,4,1,1,45,250.725,0,320.96774193548384,2.5483870967741935,0.0,0,1,114,High
6,1,31,0,5333,84,8,17,2,1,1,25,279.765,1,172.03225806451613,2.7096774193548385,0.25806451612903225,1,1,109,High
0,0,29,0,2355,8,0,7,3,1,1,30,94.52,0,81.20689655172414,0.27586206896551724,0.0,0,0,15,Low
2,1,30,0,2505,27,0,9,2,1,2,25,113.94,1,83.5,0.9,0.0,1,1,36,Low
2,0,31,0,1783,30,16,24,3,1,2,30,136.52,1,57.516129032258064,0.967741935483871,0.5161290322580645,0,1,70,Medium
0,0,31,0,0,0,0,0,3,1,2,30,0.0,1,0.0,0.0,0.0,0,0,0,Low
0,0,31,0,0,0,0,0,3,1,1,30,0.0,0,0.0,0.0,0.0,0,0,0,Low
0,0,28,0,6300,83,0,15,4,1,1,45,159.575,0,225.0,2.9642857142857144,0.0,0,0,98,Medium
0,0,31,0,0,0,0,0,4,1,2,45,0.0,1,0.0,0.0,0.0,0,0,0,Low
0,0,31,0,0,0,0,0,5,1,1,55,0.0,0,0.0,0.0,0.0,0,0,0,Low
18,0,26,2,15590,224,0,73,2,1,1,25,711.63,0,599.6153846153846,8.615384615384615,0.0,0,1,297,High
0,0,29,2,6480,102,253,26,2,2,1,25,1434.69,0,223.44827586206895,3.5172413793103448,8.724137931034482,0,0,381,Very High
0,0,31,0,3233,68,0,21,2,1,1,25,148.545,0,104.29032258064517,2.193548387096774,0.0,0,0,89,Medium
0,0,30,0,1180,30,20,13,3,1,2,30,128.4,0,39.333333333333336,1.0,0.6666666666666666,0,0,63,Medium
0,0,31,0,2295,39,157,16,2,1,1,25,811.53,0,74.03225806451613,1.2580645161290323,5.064516129032258,0,0,212,Very High
0,0,22,0,830,22,175,4,2,2,1,25,825.84,0,37.72727272727273,1.0,7.954545454545454,0,0,201,Very High
0,0,21,0,1083,25,12,61,4,1,1,45,57.7,0,51.57142857142857,1.1904761904761905,0.5714285714285714,0,0,98,Low
4,0,22,0,215,11,0,3,2,1,2,25,10.17,0,9.772727272727273,0.5,0.0,0,1,14,Low
0,0,21,0,0,0,3,0,4,1,2,45,7.5,0,0.0,0.0,0.14285714285714285,0,0,3,Low
3,0,20,0,740,18,1,6,2,1,1,25,38.61,0,37.0,0.9,0.05,0,1,25,Low
0,0,20,0,2740,47,0,16,3,1,1,30,111.48,0,137.0,2.35,0.0,0,0,63,Low
0,0,13,0,1210,12,10,7,2,1,1,25,99.99,0,93.07692307692308,0.9230769230769231,0.7692307692307693,0,0,29,Low
9,0,12,0,5908,127,67,35,1,2,1,15,700.425,0,492.3333333333333,10.583333333333334,5.583333333333333,0,1,229,High
5,0,10,0,8448,157,55,33,4,1,1,45,352.625,0,844.8,15.7,5.5,0,1,245,High
1,0,11,2,2368,31,13,12,3,1,1,30,147.96,0,215.27272727272728,2.8181818181818183,1.1818181818181819,0,1,56,Medium
0,0,4,0,3905,26,197,3,3,1,1,30,945.24,0,976.25,6.5,49.25,0,0,226,Very High
0,0,4,0,1003,5,0,4,2,1,1,25,45.36,1,250.75,1.25,0.0,0,0,9,Low
7,0,36,1,4665,75,19,30,2,1,1,25,298.8,0,129.58333333333334,2.0833333333333335,0.5277777777777778,0,1,124,High
0,0,37,0,613,9,21,17,2,1,2,25,122.49,0,16.56756756756757,0.24324324324324326,0.5675675675675675,0,0,47,Medium
9,0,35,1,2748,64,373,37,2,1,1,25,1805.04,0,78.51428571428572,1.8285714285714285,10.657142857142857,0,1,474,Very High
9,0,36,1,4493,70,15,48,1,1,1,15,333.465,0,124.80555555555556,1.9444444444444444,0.4166666666666667,0,1,133,High
2,0,36,1,2688,62,16,46,1,1,1,15,239.25,0,74.66666666666667,1.7222222222222223,0.4444444444444444,0,1,124,High
10,0,36,2,4070,86,46,41,3,1,1,30,350.24,0,113.05555555555556,2.388888888888889,1.2777777777777777,0,1,173,High
3,0,36,1,2655,43,299,31,3,1,1,30,1303.92,0,73.75,1.1944444444444444,8.305555555555555,0,1,373,Very High
12,0,35,3,9410,125,158,56,3,1,1,30,1013.4,0,268.85714285714283,3.5714285714285716,4.514285714285714,0,1,339,Very High
6,0,36,1,14068,173,14,57,3,1,1,30,625.64,0,390.77777777777777,4.805555555555555,0.3888888888888889,0,1,244,High
6,0,36,2,4810,87,16,38,3,1,1,30,259.88,0,133.61111111111111,2.4166666666666665,0.4444444444444444,0,1,141,High
5,0,36,1,6213,99,21,25,2,1,1,25,378.54,0,172.58333333333334,2.75,0.5833333333333334,0,1,145,High
8,0,36,0,2533,58,22,30,3,1,2,30,191.64,0,70.36111111111111,1.6111111111111112,0.6111111111111112,0,1,110,Medium
24,0,36,4,15435,229,68,45,3,2,1,30,898.56,0,428.75,6.361111111111111,1.8888888888888888,0,1,342,Very High
3,0,36,2,3390,31,497,21,3,1,1,30,2124.84,0,94.16666666666667,0.8611111111111112,13.805555555555555,0,1,549,Very High
8,0,35,1,15780,186,164,43,2,1,1,25,1456.47,0,450.85714285714283,5.314285714285714,4.685714285714286,0,1,393,Very High
2,0,35,2,6795,90,200,39,3,1,1,30,1075.4,0,194.14285714285714,2.5714285714285716,5.714285714285714,0,1,329,Very High
0,0,35,0,1170,18,14,24,2,1,2,25,116.46,0,33.42857142857143,0.5142857142857142,0.4,0,0,56,Low
1,0,36,0,1005,18,27,21,2,1,2,25,167.535,0,27.916666666666668,0.5,0.75,0,1,66,Medium
0,1,35,0,295,4,14,13,2,1,2,25,76.455,1,8.428571428571429,0.11428571428571428,0.4,1,0,31,Low
2,0,35,1,7803,131,398,56,2,1,1,25,2148.03,0,222.94285714285715,3.742857142857143,11.371428571428572,0,1,585,Very High
6,0,35,2,11760,158,25,60,3,1,1,30,576.72,0,336.0,4.514285714285714,0.7142857142857143,0,1,243,High
7,0,35,2,7013,79,122,50,2,1,1,25,868.14,0,200.37142857142857,2.257142857142857,3.4857142857142858,0,1,251,Very High
22,0,31,0,1250,51,30,30,2,1,2,25,193.545,1,40.32258064516129,1.6451612903225807,0.967741935483871,0,1,111,Medium
20,0,34,9,10730,97,15,55,4,1,1,45,308.175,0,315.5882352941176,2.8529411764705883,0.4411764705882353,0,1,167,High
12,0,34,2,6113,102,40,37,2,1,1,25,459.675,0,179.7941176470588,3.0,1.1764705882352942,0,1,179,High
0,0,32,1,3135,26,14,27,3,1,1,30,182.44,0,97.96875,0.8125,0.4375,0,0,67,Medium
8,0,33,0,3285,45,23,29,2,1,2,25,253.35,1,99.54545454545455,1.3636363636363635,0.696969696969697,0,1,97,High
8,1,34,0,2563,48,48,44,3,1,2,30,296.44,1,75.38235294117646,1.411764705882353,1.411764705882353,1,1,140,High
0,0,34,0,428,6,14,15,3,1,2,30,73.36,1,12.588235294117647,0.17647058823529413,0.4117647058823529,0,0,35,Low
0,0,34,1,1963,29,14,19,3,1,1,30,135.68,0,57.73529411764706,0.8529411764705882,0.4117647058823529,0,0,62,Medium
2,0,31,2,7080,101,28,35,4,1,1,45,249.525,0,228.38709677419354,3.2580645161290325,0.9032258064516129,0,1,164,High
0,0,34,0,923,11,23,17,4,1,2,45,80.85,1,27.147058823529413,0.3235294117647059,0.6764705882352942,0,0,51,Low
0,0,34,2,633,8,18,15,5,1,1,55,36.615,0,18.61764705882353,0.23529411764705882,0.5294117647058824,0,0,41,Low
24,0,29,4,16370,242,14,93,2,1,1,25,810.54,0,564.4827586206897,8.344827586206897,0.4827586206896552,0,1,349,Very High
5,0,32,4,7260,120,285,46,2,2,1,25,1614.6,0,226.875,3.75,8.90625,0,1,451,Very High
1,0,34,1,4013,86,16,41,2,1,1,25,256.455,0,118.02941176470588,2.5294117647058822,0.47058823529411764,0,1,143,High
2,1,33,0,1960,48,52,33,3,1,2,30,288.32,1,59.39393939393939,1.4545454545454546,1.5757575757575757,1,1,133,High
5,0,34,1,3075,57,189,36,2,1,1,25,991.44,0,90.44117647058823,1.6764705882352942,5.5588235294117645,0,1,282,Very High
3,0,25,2,1610,40,207,24,2,2,1,25,1005.75,0,64.4,1.6,8.28,0,1,271,Very High
3,0,24,1,1863,43,44,81,4,1,1,45,157.65,0,77.625,1.7916666666666667,1.8333333333333333,0,1,168,Medium
10,0,25,0,995,29,24,20,2,1,2,25,154.08,0,39.8,1.16,0.96,0,1,73,Medium
0,0,24,0,1120,14,35,16,4,1,2,45,115.85,0,46.666666666666664,0.5833333333333334,1.4583333333333333,0,0,65,Low
9,0,23,1,1520,36,33,26,2,1,1,25,218.52,0,66.08695652173913,1.565217391304348,1.434782608695652,0,1,95,Medium
1,0,23,1,3520,65,22,36,3,1,1,30,231.4,0,153.04347826086956,2.8260869565217392,0.9565217391304348,0,1,123,Medium
1,0,16,1,1990,30,42,27,2,1,1,25,279.9,0,124.375,1.875,2.625,0,1,99,High
15,0,15,2,6688,145,99,55,1,2,1,15,920.315,0,445.8666666666667,9.666666666666666,6.6,0,1,299,Very High
11,0,13,1,9228,175,87,53,4,1,1,45,452.575,0,709.8461538461538,13.461538461538462,6.6923076923076925,0,1,315,High
7,0,14,4,3148,49,45,32,3,1,1,30,307.88,0,224.85714285714286,3.5,3.2142857142857144,0,1,126,High
1,0,7,2,4685,44,229,23,3,1,1,30,1105.16,0,669.2857142857143,6.285714285714286,32.714285714285715,0,1,296,Very High
2,1,7,2,1783,23,14,20,3,1,1,30,128.24,1,254.71428571428572,3.2857142857142856,2.0,1,1,57,Medium
0,0,36,0,3465,55,0,10,2,1,1,25,158.4,0,96.25,1.5277777777777777,0.0,0,0,65,Medium
1,0,35,0,1548,44,331,7,2,1,1,25,1561.14,0,44.22857142857143,1.2571428571428571,9.457142857142857,0,1,382,Very High
1,0,36,0,3293,50,0,18,1,1,1,15,183.865,0,91.47222222222223,1.3888888888888888,0.0,0,1,68,Medium
0,0,36,0,1488,42,0,16,1,1,1,15,84.15,0,41.333333333333336,1.1666666666666667,0.0,0,0,58,Low
2,0,36,0,2870,66,4,11,2,1,1,25,150.12,0,79.72222222222223,1.8333333333333333,0.1111111111111111,0,1,81,Medium
0,0,36,0,1455,23,257,1,3,1,1,30,1087.12,0,40.416666666666664,0.6388888888888888,7.138888888888889,0,0,281,Very High
4,0,35,0,8210,105,116,26,3,1,1,30,796.6,0,234.57142857142858,3.0,3.3142857142857145,0,1,247,Very High
0,0,36,0,12868,153,0,27,3,1,1,30,520.84,0,357.44444444444446,4.25,0.0,0,0,180,High
0,0,36,0,3610,67,0,8,3,1,1,30,147.08,0,100.27777777777777,1.8611111111111112,0.0,0,0,75,Medium
0,0,36,0,5013,79,0,13,2,1,1,25,229.14,0,139.25,2.1944444444444446,0.0,0,0,92,Medium
0,0,36,0,1333,38,0,4,3,1,2,30,54.84,0,37.02777777777778,1.0555555555555556,0.0,0,0,42,Low
16,0,36,0,14235,209,26,15,3,1,1,30,681.76,0,395.4166666666667,5.805555555555555,0.7222222222222222,0,1,250,High
0,0,36,0,2190,11,455,5,3,1,1,30,1908.04,0,60.833333333333336,0.3055555555555556,12.63888888888889,0,0,471,Very High
0,0,35,0,14580,166,122,13,2,1,1,25,1212.57,0,416.57142857142856,4.742857142857143,3.4857142857142858,0,0,301,Very High
0,0,35,0,5595,70,158,9,3,1,1,30,858.6,0,159.85714285714286,2.0,4.514285714285714,0,0,237,Very High
0,0,35,0,6603,111,356,26,2,1,1,25,1904.13,0,188.65714285714284,3.1714285714285713,10.17142857142857,0,0,493,Very High
0,0,35,0,10560,138,0,30,3,1,1,30,427.92,0,301.7142857142857,3.942857142857143,0.0,0,0,168,High
0,0,35,0,5813,59,80,20,2,1,1,25,624.24,0,166.0857142857143,1.6857142857142857,2.2857142857142856,0,0,159,High
7,0,31,0,50,2,0,1,2,1,2,25,2.34,1,1.6129032258064515,0.06451612903225806,0.0,0,1,3,Low
12,0,34,5,9530,77,0,25,4,1,1,45,240.175,0,280.29411764705884,2.264705882352941,0.0,0,1,102,High
4,0,34,0,4913,82,0,7,2,1,1,25,224.775,1,144.5,2.411764705882353,0.0,0,1,89,Medium
0,0,32,0,1935,6,0,2,3,1,1,30,77.64,0,60.46875,0.1875,0.0,0,0,8,Low
0,0,33,0,2085,25,0,9,2,1,2,25,94.95,1,63.18181818181818,0.7575757575757576,0.0,0,0,34,Low
0,1,34,0,1363,28,6,14,3,1,2,30,79.64,1,40.088235294117645,0.8235294117647058,0.17647058823529413,1,0,48,Low
0,0,34,0,0,0,0,0,2,1,2,25,0.0,1,0.0,0.0,0.0,0,0,0,Low
0,0,34,0,0,0,0,0,3,1,1,30,0.0,0,0.0,0.0,0.0,0,0,0,Low
0,0,31,0,5880,81,0,5,4,1,1,45,149.025,0,189.67741935483872,2.6129032258064515,0.0,0,0,86,Medium
0,1,34,0,0,0,0,0,4,1,2,45,0.0,1,0.0,0.0,0.0,1,0,0,Low
0,0,34,0,0,0,0,0,4,1,1,45,0.0,0,0.0,0.0,0.0,0,0,0,Low
16,0,29,0,15170,222,0,63,2,1,1,25,692.64,0,523.1034482758621,7.655172413793103,0.0,0,1,285,High
0,0,32,0,6060,100,243,16,2,2,1,25,1370.7,0,189.375,3.125,7.59375,0,0,359,Very High
0,0,34,0,2813,66,0,11,2,1,1,25,129.555,0,82.73529411764706,1.9411764705882353,0.0,0,0,77,Medium
0,0,33,0,760,28,10,3,3,1,2,30,71.52,0,23.03030303030303,0.8484848484848485,0.30303030303030304,0,0,41,Low
0,0,34,0,1875,37,147,6,2,1,1,25,747.54,0,55.14705882352941,1.088235294117647,4.323529411764706,0,0,190,High
0,0,25,0,1903,20,165,8,2,2,1,25,829.035,0,76.12,0.8,6.6,0,0,193,Very High
0,0,24,0,663,23,2,51,4,1,1,45,22.15,0,27.625,0.9583333333333334,0.08333333333333333,0,0,76,Low
0,0,25,0,0,0,0,0,2,1,2,25,0.0,0,0.0,0.0,0.0,0,0,0,Low
0,0,24,0,0,0,0,0,4,1,2,45,0.0,0,0.0,0.0,0.0,0,0,0,Low
0,0,23,0,0,0,0,0,2,1,1,25,0.0,0,0.0,0.0,0.0,0,0,0,Low
0,0,23,0,2320,45,0,6,3,1,1,30,94.6,0,100.8695652173913,1.9565217391304348,0.0,0,0,51,Low
0,0,16,0,0,0,0,0,2,1,1,25,0.0,0,0.0,0.0,0.0,0,0,0,Low
7,0,15,0,5488,125,57,25,1,2,1,15,622.215,0,365.8666666666667,8.333333333333334,3.8,0,1,207,High
3,0,13,0,8028,155,45,23,4,1,1,45,317.075,0,617.5384615384615,11.923076923076923,3.4615384615384617,0,1,223,High
0,0,14,0,1948,29,3,2,3,1,1,30,91.08,0,139.14285714285714,2.0714285714285716,0.21428571428571427,0,0,34,Low
0,0,7,0,3485,24,187,21,3,1,1,30,888.36,0,497.85714285714283,3.4285714285714284,26.714285714285715,0,0,232,Very High
0,0,7,0,0,0,0,0,2,1,1,25,0.0,1,0.0,0.0,0.0,0,0,0,Low
3,0,37,0,4180,71,30,19,3,1,1,30,290.04,0,112.97297297297297,1.9189189189189189,0.8108108108108109,0,1,120,High
0,0,38,0,128,5,32,6,3,1,2,30,133.32,0,3.3684210526315788,0.13157894736842105,0.8421052631578947,0,0,43,Medium
5,0,36,0,2263,60,384,26,3,1,1,30,1628.92,0,62.861111111111114,1.6666666666666667,10.666666666666666,0,1,470,Very High
5,0,37,0,4008,66,26,37,1,1,1,15,367.07,0,108.32432432432432,1.7837837837837838,0.7027027027027027,0,1,129,High
0,0,37,0,2203,58,27,35,2,1,1,25,223.245,0,59.54054054054054,1.5675675675675675,0.7297297297297297,0,0,120,Medium
6,0,37,1,3585,82,57,30,3,1,1,30,374.68,0,96.89189189189189,2.2162162162162162,1.5405405405405406,0,1,169,High
0,0,37,0,2170,39,310,20,3,1,1,30,1328.36,0,58.648648648648646,1.054054054054054,8.378378378378379,0,0,369,Very High
8,0,36,2,8925,121,169,45,3,1,1,30,1037.84,0,247.91666666666666,3.361111111111111,4.694444444444445,0,1,335,Very High
2,0,37,0,13583,169,25,46,3,1,1,30,650.08,0,367.1081081081081,4.5675675675675675,0.6756756756756757,0,1,240,High
2,0,37,1,4325,83,27,27,3,1,1,30,284.32,0,116.89189189189189,2.2432432432432434,0.7297297297297297,0,1,137,High
1,0,37,0,5728,95,32,14,3,1,1,30,360.92,0,154.8108108108108,2.5675675675675675,0.8648648648648649,0,1,141,High
4,0,37,0,2048,54,33,19,3,1,2,30,216.08,0,55.351351351351354,1.4594594594594594,0.8918918918918919,0,1,106,Medium
20,0,37,3,14950,225,79,34,3,1,1,30,923.0,0,404.05405405405406,6.081081081081081,2.135135135135135,0,1,338,Very High
0,0,37,1,2905,27,508,10,3,1,1,30,2149.28,0,78.51351351351352,0.7297297297297297,13.72972972972973,0,0,545,Very High
4,0,36,0,15295,182,175,32,2,1,1,25,1483.965,0,424.8611111111111,5.055555555555555,4.861111111111111,0,1,389,Very High
0,0,36,1,6310,86,211,28,3,1,1,30,1099.84,0,175.27777777777777,2.388888888888889,5.861111111111111,0,0,325,Very High
0,0,36,0,685,14,25,13,2,1,2,25,143.955,0,19.02777777777778,0.3888888888888889,0.6944444444444444,0,0,52,Medium
0,0,37,0,520,14,38,10,3,1,2,30,173.36,0,14.054054054054054,0.3783783783783784,1.027027027027027,0,0,62,Medium
0,0,36,0,0,0,25,0,2,1,2,25,112.5,1,0.0,0.0,0.6944444444444444,0,0,25,Low
0,0,36,0,7318,127,409,45,3,1,1,30,1933.8,0,203.27777777777777,3.5277777777777777,11.36111111111111,0,0,581,Very High
2,0,36,1,11275,154,36,49,4,1,1,45,375.725,0,313.19444444444446,4.277777777777778,1.0,0,1,239,High
3,0,36,1,6528,75,133,39,2,1,1,25,895.635,0,181.33333333333334,2.0833333333333335,3.6944444444444446,0,1,247,Very High
18,0,32,0,765,47,41,19,3,1,2,30,196.48,1,23.90625,1.46875,1.28125,0,1,107,Medium
16,0,35,8,10245,93,26,44,5,2,1,55,194.07,0,292.7142857142857,2.657142857142857,0.7428571428571429,0,1,163,Medium
8,1,35,1,5628,98,51,26,2,1,1,25,487.17,1,160.8,2.8,1.457142857142857,1,1,175,High
0,0,33,0,2650,22,25,16,3,1,1,30,206.88,0,80.3030303030303,0.6666666666666666,0.7575757575757576,0,0,63,Medium
4,1,34,0,2800,41,34,18,3,1,2,30,249.64,1,82.3529411764706,1.2058823529411764,1.0,1,1,93,High
4,0,35,0,2078,44,59,33,3,1,2,30,320.88,1,59.371428571428574,1.2571428571428571,1.6857142857142857,0,1,136,High
0,0,35,0,0,0,25,0,3,1,2,30,100.0,1,0.0,0.0,0.7142857142857143,0,0,25,Low
0,0,35,0,1478,25,25,8,4,1,1,45,100.075,0,42.22857142857143,0.7142857142857143,0.7142857142857143,0,0,58,Low
0,0,32,1,6595,97,39,24,5,1,1,55,158.88,0,206.09375,3.03125,1.21875,0,0,160,Medium
0,0,35,0,438,7,34,6,4,1,2,45,96.125,1,12.514285714285714,0.2,0.9714285714285714,0,0,47,Low
0,0,35,1,148,4,29,4,5,1,1,55,45.78,0,4.228571428571429,0.11428571428571428,0.8285714285714286,0,0,37,Low
20,0,30,3,15885,238,25,82,2,1,1,25,838.035,0,529.5,7.933333333333334,0.8333333333333334,0,1,345,Very High
1,0,33,3,6775,116,296,35,2,2,1,25,1642.095,0,205.3030303030303,3.515151515151515,8.969696969696969,0,1,447,Very High
0,0,35,0,3528,82,27,30,3,1,1,30,252.4,0,100.8,2.342857142857143,0.7714285714285715,0,0,139,High
0,0,34,0,1475,44,63,22,3,1,2,30,312.76,0,43.38235294117647,1.2941176470588236,1.8529411764705883,0,0,129,High
1,0,35,0,2590,53,200,25,2,1,1,25,1018.935,0,74.0,1.5142857142857142,5.714285714285714,0,1,278,Very High
0,0,26,1,1125,36,218,13,2,2,1,25,1033.245,0,43.26923076923077,1.3846153846153846,8.384615384615385,0,0,267,Very High
0,0,25,0,1378,39,55,70,4,1,1,45,172.925,0,55.12,1.56,2.2,0,0,164,Medium
6,0,26,0,510,25,35,9,3,1,2,30,161.4,0,19.615384615384617,0.9615384615384616,1.3461538461538463,0,1,69,Medium
0,0,25,0,635,10,46,5,4,1,2,45,131.125,0,25.4,0.4,1.84,0,0,61,Medium
5,0,24,0,1035,32,44,15,2,1,1,25,246.015,0,43.125,1.3333333333333333,1.8333333333333333,0,1,91,High
0,0,24,0,3035,61,33,25,3,1,1,30,255.84,0,126.45833333333333,2.5416666666666665,1.375,0,0,119,High
0,0,17,0,1505,26,53,16,2,1,1,25,307.395,0,88.52941176470588,1.5294117647058822,3.1176470588235294,0,0,95,High
11,0,16,1,6203,141,110,44,2,2,1,25,780.48,0,387.6875,8.8125,6.875,0,1,295,High
7,0,14,0,8743,171,98,42,5,1,1,55,280.71,0,624.5,12.214285714285714,7.0,0,1,311,High
3,0,15,3,2663,45,56,21,3,1,1,30,332.32,0,177.53333333333333,3.0,3.7333333333333334,0,1,122,High
0,0,8,1,4200,40,240,12,3,1,1,30,1129.6,0,525.0,5.0,30.0,0,0,292,Very High
0,1,8,1,1298,19,25,9,3,1,1,30,152.68,1,162.25,2.375,3.125,1,0,53,Medium
3,0,35,0,3950,59,0,11,2,1,1,25,180.405,0,112.85714285714286,1.6857142857142857,0.0,0,1,70,Medium
5,0,34,0,2033,48,320,18,2,1,1,25,1533.645,0,59.794117647058826,1.411764705882353,9.411764705882353,0,1,386,Very High
5,0,35,0,3778,54,0,29,1,1,1,15,210.76,0,107.94285714285714,1.542857142857143,0.0,0,1,83,Medium
0,0,35,0,1973,46,0,27,1,1,1,15,111.045,0,56.371428571428574,1.3142857142857143,0.0,0,0,73,Low
6,0,35,0,3355,70,0,22,2,1,1,25,154.125,0,95.85714285714286,2.0,0.0,0,1,92,Medium
0,0,35,0,1940,27,246,12,3,1,1,30,1062.68,0,55.42857142857143,0.7714285714285715,7.0285714285714285,0,0,285,Very High
8,0,34,0,8695,109,105,37,3,1,1,30,772.16,0,255.73529411764707,3.2058823529411766,3.088235294117647,0,1,251,High
2,0,35,0,13353,157,0,38,3,1,1,30,540.4,0,381.51428571428573,4.485714285714286,0.0,0,1,195,High
2,0,35,0,4095,71,0,19,3,1,1,30,166.64,0,117.0,2.0285714285714285,0.0,0,1,90,Medium
1,0,35,0,5498,83,0,6,2,1,1,25,251.145,0,157.0857142857143,2.3714285714285714,0.0,0,1,89,High
4,0,35,0,1818,42,0,11,3,1,2,30,74.4,0,51.94285714285714,1.2,0.0,0,1,53,Low
20,0,35,1,14720,213,15,26,2,1,1,25,739.485,0,420.57142857142856,6.085714285714285,0.42857142857142855,0,1,254,High
0,0,35,0,2675,15,444,2,3,1,1,30,1883.6,0,76.42857142857143,0.42857142857142855,12.685714285714285,0,0,461,Very High
4,0,34,0,15065,170,111,24,2,1,1,25,1185.075,0,443.0882352941176,5.0,3.264705882352941,0,1,305,Very High
0,0,34,0,6080,74,147,20,3,1,1,30,834.16,0,178.8235294117647,2.176470588235294,4.323529411764706,0,0,241,Very High
0,0,34,0,455,2,0,5,2,1,2,25,20.565,0,13.382352941176471,0.058823529411764705,0.0,0,0,7,Low
0,0,35,0,290,2,0,2,2,1,2,25,13.14,0,8.285714285714286,0.05714285714285714,0.0,0,0,4,Low
0,0,34,0,7088,115,345,37,2,1,1,25,1876.635,0,208.47058823529412,3.3823529411764706,10.147058823529411,0,0,497,Very High
2,0,34,0,11045,142,0,41,3,1,1,30,447.48,0,324.8529411764706,4.176470588235294,0.0,0,1,183,High
3,0,34,0,6298,63,69,31,2,1,1,25,596.745,0,185.23529411764707,1.8529411764705883,2.0294117647058822,0,1,163,High
18,0,30,0,535,35,0,11,2,1,2,25,25.65,1,17.833333333333332,1.1666666666666667,0.0,0,1,46,Low
16,0,33,6,10015,81,0,36,4,1,1,45,252.4,0,303.4848484848485,2.4545454545454546,0.0,0,1,117,High
8,0,33,0,5398,86,0,18,2,1,1,25,246.78,1,163.57575757575756,2.606060606060606,0.0,0,1,104,High
0,0,31,0,2420,10,0,8,3,1,1,30,97.2,0,78.06451612903226,0.3225806451612903,0.0,0,0,18,Low
4,1,32,0,2570,29,0,10,2,1,2,25,116.955,1,80.3125,0.90625,0.0,1,1,39,Low
4,0,33,0,1848,32,0,25,3,1,2,30,75.2,1,56.0,0.9696969696969697,0.0,0,1,57,Low
0,0,33,0,1248,13,0,3,3,1,1,30,50.44,0,37.81818181818182,0.3939393939393939,0.0,0,0,16,Low
0,0,30,0,6365,85,0,16,4,1,1,45,161.25,0,212.16666666666666,2.8333333333333335,0.0,0,0,101,Medium
0,0,33,0,0,0,0,0,4,1,1,45,0.0,0,0.0,0.0,0.0,0,0,0,Low
20,0,28,1,15655,226,0,74,2,1,1,25,714.645,0,559.1071428571429,8.071428571428571,0.0,0,1,300,High
1,0,31,1,6545,104,232,27,2,2,1,25,1343.205,0,211.1290322580645,3.3548387096774195,7.483870967741935,0,1,363,Very High
0,0,33,0,3298,70,0,22,2,1,1,25,151.56,0,99.93939393939394,2.121212121212121,0.0,0,0,92,Medium
0,0,32,0,1245,32,0,14,3,1,2,30,51.08,0,38.90625,1.0,0.0,0,0,46,Low
1,0,33,0,2360,41,136,17,2,1,1,25,720.045,0,71.51515151515152,1.2424242424242424,4.121212121212121,0,1,194,High
0,0,24,0,895,24,154,5,2,2,1,25,734.355,0,37.291666666666664,1.0,6.416666666666667,0,0,183,High
0,0,23,0,1148,27,0,62,4,1,1,45,29.375,0,49.91304347826087,1.173913043478261,0.0,0,0,89,Low
6,0,24,0,280,13,0,1,2,1,2,25,13.185,0,11.666666666666666,0.5416666666666666,0.0,0,1,14,Low
0,0,23,0,0,0,0,0,4,1,2,45,0.0,0,0.0,0.0,0.0,0,0,0,Low
5,0,22,0,805,20,0,7,1,1,1,15,45.375,0,36.59090909090909,0.9090909090909091,0.0,0,1,27,Low
0,0,22,0,2805,49,0,17,3,1,1,30,114.16,0,127.5,2.227272727272727,0.0,0,0,66,Low
0,0,15,0,1275,14,0,8,2,1,1,25,58.005,0,85.0,0.9333333333333333,0.0,0,0,22,Low
11,0,14,0,5973,129,46,36,1,2,1,15,588.61,0,426.64285714285717,9.214285714285714,3.2857142857142856,0,1,211,High
7,0,12,0,8513,159,34,34,4,1,1,45,301.8,0,709.4166666666666,13.25,2.8333333333333335,0,1,227,High
3,0,13,1,2433,33,0,13,3,1,1,30,98.64,0,187.15384615384616,2.5384615384615383,0.0,0,1,46,Low
0,0,6,0,3970,28,176,4,2,1,1,25,971.91,0,661.6666666666666,4.666666666666667,29.333333333333332,0,0,208,Very High
0,1,6,0,1068,7,0,1,2,1,1,25,48.375,1,178.0,1.1666666666666667,0.0,1,0,8,Low
5,0,36,0,4255,66,7,18,2,1,1,25,225.945,0,118.19444444444444,1.8333333333333333,0.19444444444444445,0,1,91,Medium
0,0,37,0,0,0,9,0,2,1,2,25,40.5,0,0.0,0.0,0.24324324324324326,0,0,9,Low
7,0,35,0,2338,55,361,25,2,1,1,25,1732.185,0,66.8,1.5714285714285714,10.314285714285715,0,1,441,Very High
7,0,36,0,4083,61,3,36,1,1,1,15,244.42,0,113.41666666666667,1.6944444444444444,0.08333333333333333,0,1,100,High
0,0,36,0,2278,53,4,34,1,1,1,15,150.205,0,63.27777777777778,1.4722222222222223,0.1111111111111111,0,0,91,Medium
8,0,36,0,3660,77,34,29,2,1,1,25,321.165,0,101.66666666666667,2.138888888888889,0.9444444444444444,0,1,140,High
1,0,36,0,2245,34,287,19,3,1,1,30,1239.16,0,62.361111111111114,0.9444444444444444,7.972222222222222,0,1,340,Very High
10,0,35,1,9000,116,146,44,3,1,1,30,948.64,0,257.14285714285717,3.3142857142857145,4.171428571428572,0,1,306,Very High
4,0,36,0,13658,164,2,45,3,1,1,30,560.88,0,379.3888888888889,4.555555555555555,0.05555555555555555,0,1,211,High
4,0,36,0,4400,78,4,26,3,1,1,30,195.12,0,122.22222222222223,2.1666666666666665,0.1111111111111111,0,1,108,Medium
3,0,36,0,5803,90,9,13,2,1,1,25,305.685,0,161.19444444444446,2.5,0.25,0,1,112,High
6,1,36,0,2123,49,10,18,3,1,2,30,126.88,0,58.97222222222222,1.3611111111111112,0.2777777777777778,1,1,77,Medium
22,0,36,2,15025,220,56,33,3,1,1,30,833.8,0,417.3611111111111,6.111111111111111,1.5555555555555556,0,1,309,Very High
1,0,36,0,2980,22,485,9,3,1,1,30,2060.08,0,82.77777777777777,0.6111111111111112,13.472222222222221,0,1,516,Very High
6,0,35,0,15370,177,152,31,2,1,1,25,1383.615,0,439.14285714285717,5.057142857142857,4.3428571428571425,0,1,360,Very High
0,0,35,0,6385,81,188,27,3,1,1,30,1010.64,0,182.42857142857142,2.3142857142857145,5.371428571428571,0,0,296,Very High
0,0,35,0,760,9,2,12,2,1,2,25,43.605,0,21.714285714285715,0.2571428571428571,0.05714285714285714,0,0,23,Low
0,0,36,0,595,9,15,9,2,1,2,25,94.68,0,16.52777777777778,0.25,0.4166666666666667,0,0,33,Low
0,0,35,0,0,0,2,0,2,1,2,25,9.0,1,0.0,0.0,0.05714285714285714,0,0,2,Low
0,0,35,0,7393,122,386,44,2,1,1,25,2075.175,0,211.22857142857143,3.4857142857142858,11.028571428571428,0,0,552,Very High
4,0,35,0,11350,149,13,48,3,1,1,30,511.96,0,324.2857142857143,4.257142857142857,0.37142857142857144,0,1,210,High
5,0,35,0,6603,70,110,38,2,1,1,25,795.285,0,188.65714285714284,2.0,3.142857142857143,0,1,218,Very High
20,0,31,0,840,42,18,18,2,1,2,25,120.69,1,27.096774193548388,1.3548387096774193,0.5806451612903226,0,1,78,Medium
18,0,34,7,10320,88,3,43,4,1,1,45,267.7,0,303.52941176470586,2.588235294117647,0.08823529411764706,0,1,134,High
10,0,34,0,5703,93,28,25,2,1,1,25,386.82,1,167.73529411764707,2.735294117647059,0.8235294117647058,0,1,146,High
0,0,32,0,2725,17,2,15,3,1,1,30,117.68,0,85.15625,0.53125,0.0625,0,0,34,Medium
6,0,33,0,2875,36,11,17,2,1,2,25,180.495,1,87.12121212121212,1.0909090909090908,0.3333333333333333,0,1,64,Medium
6,1,34,0,2153,39,36,32,3,1,2,30,231.68,1,63.3235294117647,1.1470588235294117,1.0588235294117647,1,1,107,Medium
0,0,34,0,0,0,2,0,3,1,2,30,8.0,1,0.0,0.0,0.058823529411764705,0,0,2,Low
0,0,34,0,1553,20,2,7,3,1,1,30,70.92,0,45.6764705882353,0.5882352941176471,0.058823529411764705,0,0,29,Low
0,0,31,0,6670,92,16,23,4,1,1,45,209.05,0,215.16129032258064,2.967741935483871,0.5161290322580645,0,0,131,Medium
0,0,34,0,513,2,11,5,4,1,2,45,40.375,1,15.088235294117647,0.058823529411764705,0.3235294117647059,0,0,18,Low
0,0,34,0,0,0,6,0,5,1,1,55,9.0,0,0.0,0.0,0.17647058823529413,0,0,6,Low
22,0,29,2,15960,233,2,81,2,1,1,25,737.685,0,550.3448275862069,8.03448275862069,0.06896551724137931,0,1,316,High
3,0,32,2,6850,111,273,34,2,2,1,25,1541.745,0,214.0625,3.46875,8.53125,0,1,418,Very High
0,0,34,0,3603,77,4,29,2,1,1,25,183.6,0,105.97058823529412,2.264705882352941,0.11764705882352941,0,0,110,Medium
0,0,33,0,1550,39,40,21,3,1,2,30,223.56,0,46.96969696969697,1.1818181818181819,1.2121212121212122,0,0,100,Medium
3,0,34,0,2665,48,177,24,2,1,1,25,918.585,0,78.38235294117646,1.411764705882353,5.205882352941177,0,1,249,Very High
1,0,25,0,1200,31,195,12,2,2,1,25,932.895,0,48.0,1.24,7.8,0,1,238,Very High
1,0,24,0,1453,34,32,69,4,1,1,45,117.175,0,60.541666666666664,1.4166666666666667,1.3333333333333333,0,1,135,Low
8,0,25,0,585,20,12,8,2,1,2,25,81.225,0,23.4,0.8,0.48,0,1,40,Low
0,0,24,0,710,5,23,4,4,1,2,45,75.375,0,29.583333333333332,0.20833333333333334,0.9583333333333334,0,0,32,Low
7,0,23,0,1110,27,21,14,2,1,1,25,145.665,0,48.26086956521739,1.173913043478261,0.9130434782608695,0,1,62,Medium
0,0,23,0,3110,56,10,24,3,1,1,30,166.64,0,135.2173913043478,2.4347826086956523,0.43478260869565216,0,0,90,Medium
0,0,16,0,1580,21,30,15,2,1,1,25,207.045,0,98.75,1.3125,1.875,0,0,66,Medium
13,0,15,0,6277,136,87,43,1,2,1,15,831.215,0,418.46666666666664,9.066666666666666,5.8,0,1,266,Very High
9,0,13,0,8817,166,75,41,4,1,1,45,412.075,0,678.2307692307693,12.76923076923077,5.769230769230769,0,1,282,High
5,0,14,2,2737,40,33,20,3,1,1,30,243.08,0,195.5,2.857142857142857,2.357142857142857,0,1,93,High
0,0,7,0,4275,35,217,11,3,1,1,30,1040.4,0,610.7142857142857,5.0,31.0,0,0,263,Very High
0,1,7,0,1372,14,2,8,2,1,1,25,71.37,1,196.0,2.0,0.2857142857142857,1,0,24,Low
1,0,36,0,3875,64,0,12,2,1,1,25,177.255,0,107.63888888888889,1.7777777777777777,0.0,0,1,76,Medium
3,0,35,0,1958,53,343,19,2,1,1,25,1633.995,0,55.94285714285714,1.5142857142857142,9.8,0,1,415,Very High
3,0,36,0,3703,59,0,30,2,1,1,25,169.29,0,102.86111111111111,1.6388888888888888,0.0,0,1,89,Medium
0,0,36,0,1898,51,0,28,1,1,1,15,107.195,0,52.72222222222222,1.4166666666666667,0.0,0,0,79,Low
4,0,36,0,3280,75,16,23,2,1,1,25,222.975,0,91.11111111111111,2.0833333333333335,0.4444444444444444,0,1,114,Medium
0,0,36,0,1865,32,269,13,3,1,1,30,1151.88,0,51.80555555555556,0.8888888888888888,7.472222222222222,0,0,314,Very High
6,0,35,1,8620,114,128,38,3,1,1,30,861.36,0,246.28571428571428,3.257142857142857,3.657142857142857,0,1,280,Very High
0,0,36,0,13278,162,0,39,3,1,1,30,537.6,0,368.8333333333333,4.5,0.0,0,0,201,High
0,0,36,0,4020,76,0,20,3,1,1,30,163.84,0,111.66666666666667,2.111111111111111,0.0,0,0,96,Medium
0,0,36,0,5423,88,0,7,2,1,1,25,247.995,0,150.63888888888889,2.4444444444444446,0.0,0,0,95,High
2,0,36,0,1743,47,0,12,3,1,2,30,71.6,0,48.416666666666664,1.3055555555555556,0.0,0,1,59,Low
18,0,36,2,14645,218,38,27,3,1,1,30,746.52,0,406.80555555555554,6.055555555555555,1.0555555555555556,0,1,283,High
0,0,36,0,2600,20,467,3,3,1,1,30,1972.8,0,72.22222222222223,0.5555555555555556,12.972222222222221,0,0,490,Very High
2,0,35,0,14990,175,134,25,2,1,1,25,1285.425,0,428.2857142857143,5.0,3.8285714285714287,0,1,334,Very High
0,0,35,0,6005,79,170,21,3,1,1,30,923.36,0,171.57142857142858,2.257142857142857,4.857142857142857,0,0,270,Very High
0,0,35,0,380,7,0,6,2,1,2,25,17.415,0,10.857142857142858,0.2,0.0,0,0,13,Low
0,0,36,0,215,7,0,3,2,1,2,25,9.99,0,5.972222222222222,0.19444444444444445,0.0,0,0,10,Low
0,0,35,0,7013,120,368,38,2,1,1,25,1976.985,0,200.37142857142857,3.4285714285714284,10.514285714285714,0,0,526,Very High
0,0,35,0,10970,147,0,42,3,1,1,30,444.68,0,313.42857142857144,4.2,0.0,0,0,189,High
1,0,35,0,6223,68,92,32,2,1,1,25,697.095,0,177.8,1.9428571428571428,2.6285714285714286,0,1,192,High
16,1,31,0,460,40,0,12,2,1,2,25,22.5,1,14.838709677419354,1.2903225806451613,0.0,1,1,52,Low
14,0,34,7,9940,86,0,37,4,1,1,45,250.65,0,292.3529411764706,2.5294117647058822,0.0,0,1,123,High
6,0,34,0,5323,91,10,19,2,1,1,25,288.63,1,156.55882352941177,2.676470588235294,0.29411764705882354,0,1,120,High
0,0,32,0,2345,15,0,9,3,1,1,30,94.4,0,73.28125,0.46875,0.0,0,0,24,Low
2,1,33,0,2495,34,0,11,2,1,2,25,113.805,1,75.60606060606061,1.0303030303030303,0.0,1,1,45,Low
2,0,34,0,1773,37,18,26,3,1,2,30,144.4,1,52.14705882352941,1.088235294117647,0.5294117647058824,0,1,81,Medium
0,0,34,0,0,0,0,0,3,1,2,30,0.0,1,0.0,0.0,0.0,0,0,0,Low
0,0,34,0,1173,18,0,1,3,1,1,30,47.64,0,34.5,0.5294117647058824,0.0,0,0,19,Low
0,0,31,0,6290,90,0,17,4,1,1,45,159.5,0,202.90322580645162,2.903225806451613,0.0,0,0,107,Medium
0,0,34,0,0,0,0,0,4,1,2,45,0.0,1,0.0,0.0,0.0,0,0,0,Low
18,0,29,2,15580,231,0,75,2,1,1,25,711.495,0,537.2413793103449,7.9655172413793105,0.0,0,1,306,High
0,0,32,2,6470,109,255,28,2,2,1,25,1443.555,0,202.1875,3.40625,7.96875,0,0,392,Very High
0,0,34,0,3223,75,0,23,2,1,1,25,148.41,0,94.79411764705883,2.2058823529411766,0.0,0,0,98,Medium
0,0,33,0,1170,37,22,15,3,1,2,30,136.28,0,35.45454545454545,1.121212121212121,0.6666666666666666,0,0,74,Medium
0,0,34,0,2285,46,159,18,2,1,1,25,820.395,0,67.20588235294117,1.3529411764705883,4.676470588235294,0,0,223,Very High
0,0,25,0,820,29,177,6,2,2,1,25,834.705,0,32.8,1.16,7.08,0,0,212,Very High
0,0,24,0,1073,32,14,63,4,1,1,45,62.625,0,44.708333333333336,1.3333333333333333,0.5833333333333334,0,0,109,Low
4,0,25,0,205,18,0,2,2,1,2,25,10.035,0,8.2,0.72,0.0,0,1,20,Low
0,0,24,0,0,0,5,0,4,1,2,45,12.5,0,0.0,0.0,0.20833333333333334,0,0,5,Low
3,0,23,0,730,25,3,8,2,1,1,25,47.475,0,31.73913043478261,1.0869565217391304,0.13043478260869565,0,1,36,Low
0,0,23,0,2730,54,0,18,3,1,1,30,111.36,0,118.69565217391305,2.347826086956522,0.0,0,0,72,Low
0,0,16,0,1200,19,12,9,2,1,1,25,108.855,0,75.0,1.1875,0.75,0,0,40,Low
9,0,15,0,5897,134,69,37,1,2,1,15,711.205,0,393.1333333333333,8.933333333333334,4.6,0,1,240,High
5,0,13,0,8437,164,57,35,4,1,1,45,357.525,0,649.0,12.615384615384615,4.384615384615385,0,1,256,High
1,0,14,2,2357,38,15,14,3,1,1,30,155.8,0,168.35714285714286,2.7142857142857144,1.0714285714285714,0,1,67,Medium
0,0,7,0,3895,33,199,5,3,1,1,30,953.12,0,556.4285714285714,4.714285714285714,28.428571428571427,0,0,237,Very High
0,0,7,0,992,12,0,2,2,1,1,25,45.18,1,141.71428571428572,1.7142857142857142,0.0,0,0,14,Low
1,0,31,0,4065,59,0,14,2,1,1,25,185.58,0,131.1290322580645,1.903225806451613,0.0,0,1,73,Medium
3,0,30,0,2148,48,344,21,2,1,1,25,1646.82,0,71.6,1.6,11.466666666666667,0,1,413,Very High
3,0,31,0,3893,54,0,32,1,1,1,15,217.085,0,125.58064516129032,1.7419354838709677,0.0,0,1,86,Medium
0,0,31,0,2088,46,0,30,1,1,1,15,117.37,0,67.35483870967742,1.4838709677419355,0.0,0,0,76,Low
4,0,31,0,3470,70,17,25,2,1,1,25,235.8,0,111.93548387096774,2.2580645161290325,0.5483870967741935,0,1,112,High
0,0,31,0,2055,27,270,15,3,1,1,30,1163.28,0,66.29032258064517,0.8709677419354839,8.709677419354838,0,0,312,Very High
6,0,30,0,8810,109,129,40,3,1,1,30,872.76,0,293.6666666666667,3.6333333333333333,4.3,0,1,278,Very High
0,0,31,0,13468,157,0,41,3,1,1,30,545.0,0,434.4516129032258,5.064516129032258,0.0,0,0,198,High
0,0,31,0,4210,71,0,22,3,1,1,30,171.24,0,135.80645161290323,2.2903225806451615,0.0,0,0,93,Medium
0,0,31,0,5613,83,0,9,2,1,1,25,256.32,0,181.06451612903226,2.6774193548387095,0.0,0,0,92,High
2,0,31,0,1933,42,0,14,3,1,2,30,79.0,0,62.354838709677416,1.3548387096774193,0.0,0,1,56,Low
18,0,31,1,14835,213,39,29,2,1,1,25,852.66,0,478.5483870967742,6.870967741935484,1.2580645161290323,0,1,281,Very High
0,0,31,0,2790,15,468,5,3,1,1,30,1984.2,0,90.0,0.4838709677419355,15.096774193548388,0,0,488,Very High
2,0,30,0,15180,170,135,27,2,1,1,25,1298.25,0,506.0,5.666666666666667,4.5,0,1,332,Very High
0,0,30,0,6195,74,171,23,3,1,1,30,934.76,0,206.5,2.466666666666667,5.7,0,0,268,Very High
0,0,30,0,570,2,0,8,2,1,2,25,25.74,0,19.0,0.06666666666666667,0.0,0,0,10,Low
0,0,31,0,405,2,0,5,2,1,2,25,18.315,0,13.064516129032258,0.06451612903225806,0.0,0,0,7,Low
0,0,30,0,7203,115,369,40,2,1,1,25,1989.81,0,240.1,3.8333333333333335,12.3,0,0,524,Very High
0,0,30,0,11160,142,0,44,3,1,1,30,452.08,0,372.0,4.733333333333333,0.0,0,0,186,High
1,0,30,0,6413,63,93,34,2,1,1,25,709.92,0,213.76666666666668,2.1,3.1,0,1,190,High
16,0,26,0,650,35,1,14,2,1,2,25,35.325,1,25.0,1.3461538461538463,0.038461538461538464,0,1,50,Low
14,0,29,6,10130,81,0,39,4,1,1,45,255.275,0,349.3103448275862,2.793103448275862,0.0,0,1,120,High
6,0,29,0,5513,86,11,21,2,1,1,25,301.455,1,190.10344827586206,2.9655172413793105,0.3793103448275862,0,1,118,High
0,0,27,0,2535,10,0,11,3,1,1,30,101.8,0,93.88888888888889,0.37037037037037035,0.0,0,0,21,Low
2,0,28,0,2685,29,0,13,2,1,2,25,122.13,1,95.89285714285714,1.0357142857142858,0.0,0,1,42,Medium
2,0,29,0,1963,32,19,28,3,1,2,30,155.8,1,67.6896551724138,1.103448275862069,0.6551724137931034,0,1,79,Medium
0,0,29,0,1363,13,0,3,3,1,1,30,55.04,0,47.0,0.4482758620689655,0.0,0,0,16,Low
0,0,26,0,6480,85,0,19,4,1,1,45,164.125,0,249.23076923076923,3.269230769230769,0.0,0,0,104,Medium
0,0,29,0,0,0,0,0,3,1,2,30,0.0,1,0.0,0.0,0.0,0,0,0,Low
0,0,29,0,0,0,0,0,4,1,1,45,0.0,0,0.0,0.0,0.0,0,0,0,Low
18,0,24,1,15770,226,0,77,2,1,1,25,719.82,0,657.0833333333334,9.416666666666666,0.0,0,1,303,High
0,0,27,1,6660,104,256,30,2,2,1,25,1456.38,0,246.66666666666666,3.8518518518518516,9.481481481481481,0,0,390,Very High
0,0,29,0,3413,70,0,25,2,1,1,25,156.735,0,117.6896551724138,2.413793103448276,0.0,0,0,95,Medium
0,0,28,0,1360,32,23,17,3,1,2,30,147.68,0,48.57142857142857,1.1428571428571428,0.8214285714285714,0,0,72,Medium
0,0,29,0,2475,41,160,20,2,1,1,25,833.22,0,85.34482758620689,1.4137931034482758,5.517241379310345,0,0,221,Very High
0,0,20,0,1010,24,178,8,2,2,1,25,847.53,0,50.5,1.2,8.9,0,0,210,Very High
0,0,19,0,1263,27,15,65,4,1,1,45,69.75,0,66.47368421052632,1.4210526315789473,0.7894736842105263,0,0,107,Low
4,0,20,0,395,13,0,4,2,1,2,25,18.36,0,19.75,0.65,0.0,0,1,17,Low
0,0,19,0,520,4,6,2,4,1,2,45,28.1,0,27.36842105263158,0.21052631578947367,0.3157894736842105,0,0,12,Low
3,0,18,0,920,20,4,10,1,1,1,15,73.7,0,51.111111111111114,1.1111111111111112,0.2222222222222222,0,1,34,Low
0,0,18,0,2920,49,0,20,3,1,1,30,118.76,0,162.22222222222223,2.7222222222222223,0.0,0,0,69,Medium
0,0,11,0,1390,14,13,11,2,1,1,25,121.68,0,126.36363636363636,1.2727272727272727,1.1818181818181819,0,0,38,Medium
9,0,10,0,6087,129,70,39,1,2,1,15,726.88,0,608.7,12.9,7.0,0,1,238,High
5,0,8,0,8627,159,58,37,4,1,1,45,364.65,0,1078.375,19.875,7.25,0,1,254,High
1,0,9,1,2547,33,16,16,3,1,1,30,167.2,0,283.0,3.6666666666666665,1.7777777777777777,0,1,65,Medium
0,0,3,0,4085,28,200,7,2,1,1,25,1085.085,0,1361.6666666666667,9.333333333333334,66.66666666666667,0,0,235,Very High
0,0,3,0,1182,7,0,4,2,1,1,25,53.505,1,394.0,2.3333333333333335,0.0,0,0,11,Low
5,0,41,0,4065,71,6,16,3,1,1,30,189.44,0,99.14634146341463,1.7317073170731707,0.14634146341463414,0,1,93,Medium
0,0,42,0,13,5,8,3,3,1,2,30,32.72,0,0.30952380952380953,0.11904761904761904,0.19047619047619047,0,0,16,Low
7,0,40,0,2148,60,360,23,3,1,1,30,1528.32,0,53.7,1.5,9.0,0,1,443,Very High
7,0,41,0,3893,66,2,34,1,1,1,15,228.745,0,94.95121951219512,1.6097560975609757,0.04878048780487805,0,1,102,Medium
0,0,41,0,2088,58,3,32,2,1,1,25,110.07,0,50.926829268292686,1.4146341463414633,0.07317073170731707,0,0,93,Low
8,0,41,1,3470,82,33,27,3,1,1,30,274.08,0,84.63414634146342,2.0,0.8048780487804879,0,1,142,High
1,0,41,0,2055,39,286,17,3,1,1,30,1227.76,0,50.1219512195122,0.9512195121951219,6.975609756097561,0,1,342,Very High
10,0,40,2,8810,121,145,42,3,1,1,30,937.24,0,220.25,3.025,3.625,0,1,308,Very High
4,0,41,0,13468,169,1,43,3,1,1,30,549.48,0,328.4878048780488,4.121951219512195,0.024390243902439025,0,1,213,High
4,0,41,1,4210,83,3,24,3,1,1,30,183.72,0,102.6829268292683,2.024390243902439,0.07317073170731707,0,1,110,Medium
3,0,41,0,5613,95,8,11,3,1,1,30,260.32,0,136.90243902439025,2.317073170731707,0.1951219512195122,0,1,114,High
6,0,41,0,1933,54,9,16,3,1,2,30,115.48,0,47.146341463414636,1.3170731707317074,0.21951219512195122,0,1,79,Low
22,0,41,3,14835,225,55,31,3,1,1,30,822.4,0,361.8292682926829,5.487804878048781,1.3414634146341464,0,1,311,Very High
1,0,41,1,2790,27,484,7,3,1,1,30,2048.68,0,68.04878048780488,0.6585365853658537,11.804878048780488,0,1,518,Very High
6,0,40,0,15180,182,151,29,2,1,1,25,1370.79,0,379.5,4.55,3.775,0,1,362,Very High
0,0,40,1,6195,86,187,25,3,1,1,30,999.24,0,154.875,2.15,4.675,0,0,298,Very High
0,0,40,0,570,14,1,10,2,1,2,25,30.78,0,14.25,0.35,0.025,0,0,25,Low
0,0,41,0,405,14,14,7,3,1,2,30,72.76,0,9.878048780487806,0.34146341463414637,0.34146341463414637,0,0,35,Low
0,0,40,0,0,0,1,0,2,1,2,25,4.5,1,0.0,0.0,0.025,0,0,1,Low
0,0,40,0,7203,127,385,42,3,1,1,30,1833.2,0,180.075,3.175,9.625,0,0,554,Very High
4,0,40,1,11160,154,12,46,4,1,1,45,312.85,0,279.0,3.85,0.3,0,1,212,High
5,0,40,1,6413,75,109,36,2,1,1,25,782.46,0,160.325,1.875,2.725,0,1,220,High
20,0,36,0,650,47,17,16,3,1,2,30,95.88,1,18.055555555555557,1.3055555555555556,0.4722222222222222,0,1,80,Low
18,0,39,8,10130,93,2,41,5,1,1,55,156.345,0,259.7435897435897,2.3846153846153846,0.05128205128205128,0,1,136,Medium
10,0,39,1,5513,98,27,23,2,1,1,25,373.995,1,141.35897435897436,2.5128205128205128,0.6923076923076923,0,1,148,High
0,0,37,0,2535,22,1,13,3,1,1,30,106.28,0,68.51351351351352,0.5945945945945946,0.02702702702702703,0,0,36,Low
6,1,38,0,2685,41,10,15,3,1,2,30,149.04,1,70.65789473684211,1.0789473684210527,0.2631578947368421,1,1,66,Medium
6,0,39,0,1963,44,35,30,3,1,2,30,220.28,1,50.333333333333336,1.1282051282051282,0.8974358974358975,0,1,109,Medium
0,0,39,0,0,0,1,0,3,1,2,30,4.0,1,0.0,0.0,0.02564102564102564,0,0,1,Low
0,0,39,0,1363,25,1,5,4,1,1,45,37.2,0,34.94871794871795,0.6410256410256411,0.02564102564102564,0,0,31,Low
0,0,36,1,6480,97,15,21,5,1,1,55,121.155,0,180.0,2.6944444444444446,0.4166666666666667,0,0,133,Medium
0,0,39,0,323,7,10,3,4,1,2,45,33.25,1,8.282051282051283,0.1794871794871795,0.2564102564102564,0,0,20,Low
0,0,39,1,33,4,5,1,5,1,1,55,8.055,0,0.8461538461538461,0.10256410256410256,0.1282051282051282,0,0,10,Low
22,0,34,3,15770,238,1,79,2,1,1,25,724.86,0,463.8235294117647,7.0,0.029411764705882353,0,1,318,High
3,0,37,3,6660,116,272,32,2,2,1,25,1528.92,0,180.0,3.135135135135135,7.351351351351352,0,1,420,Very High
0,0,39,0,3413,82,3,27,3,1,1,30,151.8,0,87.51282051282051,2.1025641025641026,0.07692307692307693,0,0,112,Medium
0,0,38,0,1360,44,39,19,3,1,2,30,212.16,0,35.78947368421053,1.1578947368421053,1.0263157894736843,0,0,102,Medium
3,0,39,0,2475,53,176,22,2,1,1,25,905.76,0,63.46153846153846,1.358974358974359,4.512820512820513,0,1,251,Very High
1,0,30,1,1010,36,194,10,2,2,1,25,920.07,0,33.666666666666664,1.2,6.466666666666667,0,1,240,Very High
1,0,29,0,1263,39,31,67,4,1,1,45,110.05,0,43.55172413793103,1.3448275862068966,1.0689655172413792,0,1,137,Low
8,0,30,0,395,25,11,6,3,1,2,30,60.8,0,13.166666666666666,0.8333333333333334,0.36666666666666664,0,1,42,Low
0,0,29,0,520,10,22,2,4,1,2,45,68.25,0,17.93103448275862,0.3448275862068966,0.7586206896551724,0,0,34,Low
7,0,28,0,920,32,20,12,2,1,1,25,132.84,0,32.857142857142854,1.1428571428571428,0.7142857142857143,0,1,64,Medium
0,0,28,0,2920,61,9,22,3,1,1,30,155.24,0,104.28571428571429,2.1785714285714284,0.32142857142857145,0,0,92,Medium
0,0,21,0,1390,26,29,13,2,1,1,25,194.22,0,66.19047619047619,1.2380952380952381,1.380952380952381,0,0,68,Medium
13,0,20,1,6087,141,86,41,2,2,1,25,667.26,0,304.35,7.05,4.3,0,1,268,High
9,0,18,0,8627,171,74,39,5,1,1,55,242.97,0,479.27777777777777,9.5,4.111111111111111,0,1,284,High
5,0,19,3,2547,45,32,18,3,1,1,30,231.68,0,134.05263157894737,2.3684210526315788,1.6842105263157894,0,1,95,Medium
0,0,12,1,4085,40,216,9,3,1,1,30,1029.0,0,340.4166666666667,3.3333333333333335,18.0,0,0,265,Very High
0,0,12,1,1182,19,1,6,3,1,1,30,52.04,1,98.5,1.5833333333333333,0.08333333333333333,0,0,26,Low
9,0,37,0,4775,76,23,15,2,1,1,25,321.795,0,129.05405405405406,2.054054054054054,0.6216216216216216,0,1,114,High
1,0,38,0,723,10,8,2,2,1,2,25,68.985,0,19.026315789473685,0.2631578947368421,0.21052631578947367,0,1,20,Low
11,0,36,0,2858,65,360,22,2,1,1,25,1751.535,0,79.38888888888889,1.8055555555555556,10.0,0,1,447,Very High
11,0,37,0,4603,71,2,33,1,1,1,15,268.07,0,124.4054054054054,1.9189189189189189,0.05405405405405406,0,1,106,High
4,0,37,0,2798,63,3,31,1,1,1,15,173.855,0,75.62162162162163,1.7027027027027026,0.08108108108108109,0,1,97,Medium
12,0,37,1,4180,87,33,26,3,1,1,30,302.68,0,112.97297297297297,2.3513513513513513,0.8918918918918919,0,1,146,High
5,0,37,0,2765,44,286,16,3,1,1,30,1256.36,0,74.72972972972973,1.1891891891891893,7.72972972972973,0,1,346,Very High
14,0,36,2,9520,126,145,41,3,1,1,30,965.84,0,264.44444444444446,3.5,4.027777777777778,0,1,312,Very High
8,0,37,0,14178,174,1,42,3,1,1,30,578.08,0,383.18918918918916,4.702702702702703,0.02702702702702703,0,1,217,High
8,0,37,1,4920,88,3,23,3,1,1,30,212.32,0,132.97297297297297,2.3783783783783785,0.08108108108108109,0,1,114,Medium
7,0,37,0,6323,100,8,10,2,1,1,25,325.035,0,170.8918918918919,2.7027027027027026,0.21621621621621623,0,1,118,High
10,0,37,0,2643,59,9,15,3,1,2,30,144.08,0,71.43243243243244,1.5945945945945945,0.24324324324324326,0,1,83,Medium
26,1,37,3,15545,230,55,30,3,1,1,30,851.0,0,420.13513513513516,6.216216216216216,1.4864864864864864,1,1,315,Very High
5,0,37,1,3500,32,484,6,3,1,1,30,2077.28,0,94.5945945945946,0.8648648648648649,13.08108108108108,0,1,522,Very High
10,0,36,0,15890,187,151,28,2,1,1,25,1402.965,0,441.3888888888889,5.194444444444445,4.194444444444445,0,1,366,Very High
4,0,36,1,6905,91,187,24,3,1,1,30,1027.84,0,191.80555555555554,2.5277777777777777,5.194444444444445,0,1,302,Very High
1,0,36,0,1280,19,1,9,2,1,2,25,62.955,0,35.55555555555556,0.5277777777777778,0.027777777777777776,0,1,29,Low
3,0,37,0,1115,19,14,6,2,1,2,25,114.03,0,30.135135135135137,0.5135135135135135,0.3783783783783784,0,1,39,Low
0,0,36,0,0,0,1,0,2,1,2,25,4.5,1,0.0,0.0,0.027777777777777776,0,0,1,Low
4,0,36,0,7913,132,385,41,2,1,1,25,2094.525,0,219.80555555555554,3.6666666666666665,10.694444444444445,0,1,558,Very High
8,0,36,1,11870,159,12,45,3,1,1,30,529.16,0,329.72222222222223,4.416666666666667,0.3333333333333333,0,1,216,High
9,0,36,1,7123,80,109,35,2,1,1,25,814.635,0,197.86111111111111,2.2222222222222223,3.0277777777777777,0,1,224,Very High
24,0,32,0,1360,52,17,15,2,1,2,25,140.04,1,42.5,1.625,0.53125,0,1,84,Medium
22,0,35,8,10840,98,2,40,4,1,1,45,278.45,0,309.7142857142857,2.8,0.05714285714285714,0,1,140,High
14,0,35,1,6223,103,27,22,2,1,1,25,406.17,0,177.8,2.942857142857143,0.7714285714285715,0,1,152,High
2,0,33,0,3245,27,1,12,3,1,1,30,134.88,0,98.33333333333333,0.8181818181818182,0.030303030303030304,0,1,40,Medium
10,0,34,0,3395,46,10,14,3,1,2,30,177.64,1,99.8529411764706,1.3529411764705883,0.29411764705882354,0,1,70,Medium
10,1,35,0,2673,49,35,29,3,1,2,30,248.88,1,76.37142857142857,1.4,1.0,1,1,113,High
1,0,35,0,538,7,1,1,3,1,2,30,25.8,1,15.371428571428572,0.2,0.02857142857142857,0,1,9,Low
2,0,35,0,2073,30,1,4,3,1,1,30,88.12,0,59.22857142857143,0.8571428571428571,0.02857142857142857,0,1,35,Low
4,0,32,1,7190,102,15,20,4,1,1,45,219.8,0,224.6875,3.1875,0.46875,0,1,137,Medium
1,0,35,0,1033,12,10,2,4,1,2,45,51.125,1,29.514285714285716,0.34285714285714286,0.2857142857142857,0,1,24,Low
1,0,35,1,743,9,5,1,5,1,1,55,18.78,0,21.228571428571428,0.2571428571428571,0.14285714285714285,0,1,15,Low
26,0,30,3,16480,243,1,78,2,1,1,25,757.035,0,549.3333333333334,8.1,0.03333333333333333,0,1,322,High
7,0,33,3,7370,121,272,31,2,2,1,25,1561.095,0,223.33333333333334,3.6666666666666665,8.242424242424242,0,1,424,Very High
3,0,35,0,4123,87,3,26,2,1,1,25,202.95,0,117.8,2.4857142857142858,0.08571428571428572,0,1,116,Medium
4,0,34,0,2070,49,39,18,3,1,2,30,240.76,0,60.88235294117647,1.4411764705882353,1.1470588235294117,0,1,106,High
7,0,35,0,3185,58,176,21,2,1,1,25,937.935,0,91.0,1.6571428571428573,5.0285714285714285,0,1,255,Very High
5,0,26,1,1720,41,194,9,2,2,1,25,952.245,0,66.15384615384616,1.5769230769230769,7.461538461538462,0,1,244,Very High
5,0,25,0,1973,44,31,66,4,1,1,45,127.925,0,78.92,1.76,1.24,0,1,141,Medium
12,0,26,0,1105,30,11,5,2,1,2,25,100.575,0,42.5,1.1538461538461537,0.4230769230769231,0,1,46,Low
1,0,25,0,1230,15,22,1,4,1,2,45,86.125,0,49.2,0.6,0.88,0,1,38,Low
11,0,24,0,1630,37,20,11,2,1,1,25,165.015,0,67.91666666666667,1.5416666666666667,0.8333333333333334,0,1,68,Medium
3,0,24,0,3630,66,9,21,3,1,1,30,183.84,0,151.25,2.75,0.375,0,1,96,Medium
3,0,17,0,2100,31,29,12,2,1,1,25,226.395,0,123.52941176470588,1.8235294117647058,1.7058823529411764,0,1,72,Medium
17,0,16,1,6797,146,86,40,1,2,1,15,854.865,0,424.8125,9.125,5.375,0,1,272,Very High
13,0,14,0,9337,176,74,38,4,1,1,45,422.825,0,666.9285714285714,12.571428571428571,5.285714285714286,0,1,288,High
9,0,15,3,3257,50,32,17,3,1,1,30,260.28,0,217.13333333333333,3.3333333333333335,2.1333333333333333,0,1,99,High
3,0,8,1,4795,45,216,8,3,1,1,30,1057.6,0,599.375,5.625,27.0,0,1,269,Very High
4,0,8,1,1892,24,1,5,3,1,1,30,80.64,1,236.5,3.0,0.125,0,1,30,Low
0,0,35,0,3355,54,0,15,2,1,1,25,153.405,0,95.85714285714286,1.542857142857143,0.0,0,0,69,Medium
0,0,34,0,1438,43,327,22,2,1,1,25,1538.145,0,42.294117647058826,1.2647058823529411,9.617647058823529,0,0,392,Very High
0,0,35,0,3183,49,0,33,1,1,1,15,177.76,0,90.94285714285714,1.4,0.0,0,0,82,Medium
0,0,35,0,1378,41,0,31,1,1,1,15,78.045,0,39.371428571428574,1.1714285714285715,0.0,0,0,72,Low
0,0,35,0,2760,65,0,26,2,1,1,25,127.125,0,78.85714285714286,1.8571428571428572,0.0,0,0,91,Medium
0,0,35,0,1345,22,253,16,3,1,1,30,1066.68,0,38.42857142857143,0.6285714285714286,7.228571428571429,0,0,291,Very High
2,0,34,0,8100,104,112,41,3,1,1,30,776.16,0,238.23529411764707,3.0588235294117645,3.2941176470588234,0,1,257,High
0,0,35,0,12758,152,0,42,3,1,1,30,516.4,0,364.51428571428573,4.3428571428571425,0.0,0,0,194,High
0,0,35,0,3500,66,0,23,3,1,1,30,142.64,0,100.0,1.8857142857142857,0.0,0,0,89,Medium
0,0,35,0,4903,78,0,10,2,1,1,25,224.145,0,140.0857142857143,2.2285714285714286,0.0,0,0,88,Medium
0,0,35,0,1223,37,0,15,3,1,2,30,50.4,0,34.94285714285714,1.0571428571428572,0.0,0,0,52,Low
14,0,35,1,14125,208,22,30,2,1,1,25,743.985,0,403.57142857142856,5.942857142857143,0.6285714285714286,0,1,260,High
0,0,35,0,2080,10,451,6,3,1,1,30,1887.6,0,59.42857142857143,0.2857142857142857,12.885714285714286,0,0,467,Very High
0,0,34,0,14470,165,118,28,2,1,1,25,1189.575,0,425.5882352941176,4.852941176470588,3.4705882352941178,0,0,311,Very High
0,0,34,0,5485,69,154,24,3,1,1,30,838.16,0,161.3235294117647,2.0294117647058822,4.529411764705882,0,0,247,Very High
0,0,34,0,6493,110,352,41,2,1,1,25,1881.135,0,190.97058823529412,3.235294117647059,10.352941176470589,0,0,503,Very High
0,0,34,0,10450,137,0,45,3,1,1,30,423.48,0,307.3529411764706,4.029411764705882,0.0,0,0,182,High
0,0,34,0,5703,58,76,35,2,1,1,25,601.245,0,167.73529411764707,1.7058823529411764,2.235294117647059,0,0,169,High
0,1,30,0,0,0,0,0,2,1,2,25,0.0,1,0.0,0.0,0.0,1,0,0,Low
10,0,33,6,9420,76,0,40,4,1,1,45,237.4,0,285.45454545454544,2.303030303030303,0.0,0,1,116,High
2,1,33,0,4803,81,0,22,2,1,1,25,219.78,1,145.54545454545453,2.4545454545454546,0.0,1,1,103,Medium
0,0,31,0,1825,5,0,12,3,1,1,30,73.2,0,58.87096774193548,0.16129032258064516,0.0,0,0,17,Low
0,0,32,0,1975,24,0,14,2,1,2,25,89.955,1,61.71875,0.75,0.0,0,0,38,Low
0,0,33,0,1253,27,2,29,3,1,2,30,59.2,1,37.96969696969697,0.8181818181818182,0.06060606060606061,0,0,58,Low
0,1,33,0,0,0,0,0,2,1,2,25,0.0,1,0.0,0.0,0.0,1,0,0,Low
0,0,33,0,653,8,0,4,3,1,1,30,26.44,0,19.78787878787879,0.24242424242424243,0.0,0,0,12,Low
0,0,30,0,5770,80,0,20,4,1,1,45,146.25,0,192.33333333333334,2.6666666666666665,0.0,0,0,100,Medium
14,0,28,1,15060,221,0,78,2,1,1,25,687.645,0,537.8571428571429,7.892857142857143,0.0,0,1,299,High
0,0,31,1,5950,99,239,31,2,2,1,25,1347.705,0,191.93548387096774,3.193548387096774,7.709677419354839,0,0,369,Very High
0,0,33,0,2703,65,0,26,2,1,1,25,124.56,0,81.9090909090909,1.9696969696969697,0.0,0,0,91,Medium
0,0,32,0,650,27,6,18,3,1,2,30,51.08,0,20.3125,0.84375,0.1875,0,0,51,Low
0,0,33,0,1765,36,143,21,2,1,1,25,724.545,0,53.484848484848484,1.0909090909090908,4.333333333333333,0,0,200,High
0,0,24,0,300,19,161,9,2,2,1,25,738.855,0,12.5,0.7916666666666666,6.708333333333333,0,0,189,High
0,0,23,0,553,22,0,66,4,1,1,45,14.375,0,24.043478260869566,0.9565217391304348,0.0,0,0,88,Low
0,0,24,0,0,0,0,0,2,1,2,25,0.0,0,0.0,0.0,0.0,0,0,0,Low
0,0,22,0,210,15,0,11,2,1,1,25,10.125,0,9.545454545454545,0.6818181818181818,0.0,0,0,26,Low
0,0,22,0,2210,44,0,21,3,1,1,30,90.16,0,100.45454545454545,2.0,0.0,0,0,65,Low
0,0,15,0,680,9,0,12,2,1,1,25,31.005,0,45.333333333333336,0.6,0.0,0,0,21,Low
5,0,14,0,5377,124,53,40,1,2,1,15,594.055,0,384.07142857142856,8.857142857142858,3.7857142857142856,0,1,217,High
1,0,12,0,7917,154,41,38,4,1,1,45,304.275,0,659.75,12.833333333333334,3.4166666666666665,0,1,233,High
0,0,13,1,1837,28,0,17,3,1,1,30,74.6,0,141.30769230769232,2.1538461538461537,0.0,0,0,45,Low
0,0,6,0,3375,23,183,8,3,1,1,30,867.92,0,562.5,3.8333333333333335,30.5,0,0,214,Very High
0,0,6,0,472,2,0,5,2,1,1,25,21.33,1,78.66666666666667,0.3333333333333333,0.0,0,0,7,Low
0,1,35,0,0,0,0,0,2,1,2,25,0.0,1,0.0,0.0,0.0,1,0,0,Low
8,0,34,0,5513,92,19,22,2,1,1,25,337.725,1,162.14705882352942,2.7058823529411766,0.5588235294117647,0,1,133,High
4,1,34,0,1963,38,27,29,3,1,2,30,188.04,1,57.73529411764706,1.1176470588235294,0.7941176470588235,1,1,94,Medium
0,1,34,0,323,1,2,2,4,1,2,45,13.1,1,9.5,0.029411764705882353,0.058823529411764705,1,0,5,Low
0,0,25,0,1010,30,186,9,2,2,1,25,883.8,0,40.4,1.2,7.44,0,0,225,Very High
11,0,15,0,6087,135,78,40,1,2,1,15,771.21,0,405.8,9.0,5.2,0,1,253,High
7,0,13,0,8627,165,66,38,4,1,1,45,384.8,0,663.6153846153846,12.692307692307692,5.076923076923077,0,1,269,High
3,0,14,2,2547,39,24,17,3,1,1,30,199.44,0,181.92857142857142,2.7857142857142856,1.7142857142857142,0,1,80,Medium
0,0,7,0,1182,13,0,5,2,1,1,25,53.775,1,168.85714285714286,1.8571428571428572,0.0,0,0,18,Low
18,1,31,0,650,41,9,15,2,1,2,25,71.595,1,20.967741935483872,1.3225806451612903,0.2903225806451613,1,1,65,Low
4,1,33,0,2685,35,2,14,2,1,2,25,131.4,1,81.36363636363636,1.0606060606060606,0.06060606060606061,1,1,51,Medium
13,0,40,1,4675,77,12,19,3,1,1,30,238.08,0,116.875,1.925,0.3,0,1,108,High
5,0,41,0,623,11,14,6,3,1,2,30,81.36,0,15.195121951219512,0.2682926829268293,0.34146341463414637,0,1,31,Low
15,0,39,1,2758,66,366,26,3,1,1,30,1576.96,0,70.71794871794872,1.6923076923076923,9.384615384615385,0,1,458,Very High
15,0,40,1,4503,72,8,37,1,1,1,15,295.625,0,112.575,1.8,0.2,0,1,117,High
8,0,40,1,2698,64,9,35,2,1,1,25,164.79,0,67.45,1.6,0.225,0,1,108,Medium
16,0,40,2,4080,88,39,30,3,1,1,30,322.72,0,102.0,2.2,0.975,0,1,157,High
9,0,40,1,2665,45,292,20,3,1,1,30,1276.4,0,66.625,1.125,7.3,0,1,357,Very High
18,0,39,3,9420,127,151,45,3,1,1,30,985.88,0,241.53846153846155,3.2564102564102564,3.871794871794872,0,1,323,Very High
12,0,40,1,14078,175,7,46,3,1,1,30,598.12,0,351.95,4.375,0.175,0,1,228,High
12,0,40,2,4820,89,9,27,3,1,1,30,232.36,0,120.5,2.225,0.225,0,1,125,Medium
11,0,40,1,6223,101,14,14,3,1,1,30,308.96,0,155.575,2.525,0.35,0,1,129,High
14,1,40,0,2543,60,15,19,3,1,2,30,164.12,0,63.575,1.5,0.375,1,1,94,Medium
30,0,40,4,15445,231,61,34,3,2,1,30,871.04,0,386.125,5.775,1.525,0,1,326,Very High
9,0,40,2,3400,33,490,10,3,1,1,30,2097.32,0,85.0,0.825,12.25,0,1,533,Very High
14,0,39,1,15790,188,157,32,2,1,1,25,1425.51,0,404.87179487179486,4.82051282051282,4.0256410256410255,0,1,377,Very High
8,0,39,2,6805,92,193,28,3,1,1,30,1047.88,0,174.48717948717947,2.358974358974359,4.948717948717949,0,1,313,Very High
5,0,39,0,1180,20,7,13,2,1,2,25,85.5,0,30.256410256410255,0.5128205128205128,0.1794871794871795,0,1,40,Low
7,0,40,0,1015,20,20,10,3,1,2,30,121.4,0,25.375,0.5,0.5,0,1,50,Medium
5,0,39,0,305,6,7,2,2,1,2,25,45.495,1,7.82051282051282,0.15384615384615385,0.1794871794871795,0,1,15,Low
8,0,39,1,7813,133,391,45,3,1,1,30,1881.84,0,200.33333333333334,3.41025641025641,10.025641025641026,0,1,569,Very High
12,0,39,2,11770,160,18,49,4,1,1,45,343.25,0,301.79487179487177,4.102564102564102,0.46153846153846156,0,1,227,High
13,0,39,2,7023,81,115,39,2,1,1,25,837.18,0,180.07692307692307,2.076923076923077,2.948717948717949,0,1,235,Very High
28,0,35,0,1260,53,23,19,3,1,2,30,144.52,1,36.0,1.5142857142857142,0.6571428571428571,0,1,95,Medium
26,0,38,9,10740,99,8,44,5,1,1,55,174.585,0,282.63157894736844,2.6052631578947367,0.21052631578947367,0,1,151,Medium
18,0,38,2,6123,104,33,26,2,1,1,25,428.715,0,161.1315789473684,2.736842105263158,0.868421052631579,0,1,163,High
6,0,36,1,3145,28,7,16,3,1,1,30,154.92,0,87.36111111111111,0.7777777777777778,0.19444444444444445,0,1,51,Medium
14,1,37,0,3295,47,16,18,3,1,2,30,197.68,1,89.05405405405405,1.2702702702702702,0.43243243243243246,1,1,81,Medium
14,1,38,0,2573,50,41,33,4,1,2,45,168.075,1,67.71052631578948,1.3157894736842106,1.0789473684210527,1,1,124,Medium
5,0,38,0,438,8,7,4,3,1,2,30,45.84,1,11.526315789473685,0.21052631578947367,0.18421052631578946,0,1,19,Low
6,0,38,1,1973,31,7,8,4,1,1,45,67.6,0,51.921052631578945,0.8157894736842105,0.18421052631578946,0,1,46,Low
8,0,35,2,7090,103,21,24,5,1,1,55,139.395,0,202.57142857142858,2.942857142857143,0.6,0,1,148,Medium
5,0,38,0,933,13,16,6,4,1,2,45,63.65,1,24.55263157894737,0.34210526315789475,0.42105263157894735,0,1,35,Low
5,0,38,2,643,10,11,4,5,1,1,55,26.295,0,16.92105263157895,0.2631578947368421,0.2894736842105263,0,1,25,Low
30,0,33,4,16380,244,7,82,2,2,1,25,779.58,0,496.3636363636364,7.393939393939394,0.21212121212121213,0,1,333,High
11,0,36,4,7270,122,278,35,3,2,1,30,1407.68,0,201.94444444444446,3.388888888888889,7.722222222222222,0,1,435,Very High
7,0,38,1,4023,88,9,30,3,1,1,30,200.44,0,105.86842105263158,2.3157894736842106,0.23684210526315788,0,1,127,Medium
8,0,37,0,1970,50,45,22,3,1,2,30,260.8,0,53.24324324324324,1.3513513513513513,1.2162162162162162,0,1,117,High
11,0,38,1,3085,59,182,25,2,1,1,25,960.48,0,81.1842105263158,1.5526315789473684,4.7894736842105265,0,1,266,Very High
9,0,29,2,1620,42,200,13,3,2,1,30,866.48,0,55.86206896551724,1.4482758620689655,6.896551724137931,0,1,255,Very High
9,0,28,1,1873,45,37,70,5,1,1,55,84.27,0,66.89285714285714,1.6071428571428572,1.3214285714285714,0,1,152,Low
16,0,29,0,1005,31,17,9,3,1,2,30,109.44,0,34.6551724137931,1.0689655172413792,0.5862068965517241,0,1,57,Low
5,0,28,0,1130,16,28,5,4,1,2,45,98.65,0,40.357142857142854,0.5714285714285714,1.0,0,1,49,Low
15,0,27,1,1530,38,26,15,2,1,1,25,187.56,0,56.666666666666664,1.4074074074074074,0.9629629629629629,0,1,79,Medium
7,0,27,1,3530,67,15,25,3,1,1,30,203.88,0,130.74074074074073,2.4814814814814814,0.5555555555555556,0,1,107,Medium
7,0,20,1,2000,32,35,16,3,1,1,30,221.28,0,100.0,1.6,1.75,0,1,83,Medium
21,0,19,2,6698,147,92,44,2,2,1,25,722.025,0,352.5263157894737,7.7368421052631575,4.842105263157895,0,1,283,High
17,0,17,1,9238,177,80,42,5,1,1,55,261.225,0,543.4117647058823,10.411764705882353,4.705882352941177,0,1,299,High
13,0,18,4,3158,51,38,21,3,2,1,30,280.36,0,175.44444444444446,2.8333333333333335,2.111111111111111,0,1,110,High
7,0,11,2,4695,46,222,12,3,1,1,30,1077.64,0,426.8181818181818,4.181818181818182,20.181818181818183,0,1,280,Very High
8,1,11,2,1793,25,7,9,3,1,1,30,100.72,1,163.0,2.272727272727273,0.6363636363636364,1,1,41,Low
16,0,42,2,4735,80,17,21,3,1,1,30,260.6,0,112.73809523809524,1.9047619047619047,0.40476190476190477,0,1,118,High
8,0,43,2,683,14,19,8,3,1,1,30,103.88,0,15.883720930232558,0.32558139534883723,0.4418604651162791,0,1,41,Low
18,0,41,2,2818,69,371,28,3,1,1,30,1599.48,0,68.73170731707317,1.6829268292682926,9.048780487804878,0,1,468,Very High
18,0,42,2,4563,75,13,39,1,1,1,15,326.59,0,108.64285714285714,1.7857142857142858,0.30952380952380953,0,1,127,High
11,0,42,2,2758,67,14,37,2,1,1,25,190.125,0,65.66666666666667,1.5952380952380953,0.3333333333333333,0,1,118,Medium
19,0,42,3,4140,91,44,32,3,1,1,30,345.24,0,98.57142857142857,2.1666666666666665,1.0476190476190477,0,1,167,High
12,0,42,2,2725,48,297,22,4,1,1,45,811.825,0,64.88095238095238,1.1428571428571428,7.071428571428571,0,1,367,Very High
21,0,41,4,9480,130,156,47,3,1,1,30,1008.4,0,231.21951219512195,3.1707317073170733,3.8048780487804876,0,1,333,Very High
15,0,42,2,14138,178,12,48,3,1,1,30,620.64,0,336.6190476190476,4.238095238095238,0.2857142857142857,0,1,238,High
15,0,42,3,4880,92,14,29,4,1,1,45,159.3,0,116.19047619047619,2.1904761904761907,0.3333333333333333,0,1,135,Medium
14,0,42,2,6283,104,19,16,3,1,1,30,331.48,0,149.5952380952381,2.4761904761904763,0.4523809523809524,0,1,139,High
17,0,42,2,2603,63,20,21,4,1,1,45,116.65,0,61.976190476190474,1.5,0.47619047619047616,0,1,104,Low
33,0,42,5,15505,234,66,36,3,2,1,30,893.56,0,369.1666666666667,5.571428571428571,1.5714285714285714,0,1,336,Very High
12,0,42,3,3460,36,495,12,4,1,1,45,1324.9,0,82.38095238095238,0.8571428571428571,11.785714285714286,0,1,543,Very High
17,0,41,2,15850,191,162,34,2,1,1,25,1450.845,0,386.5853658536585,4.658536585365853,3.951219512195122,0,1,387,Very High
11,0,41,3,6865,95,198,30,3,1,1,30,1070.4,0,167.4390243902439,2.317073170731707,4.829268292682927,0,1,323,Very High
8,0,41,2,1240,23,12,15,2,1,1,25,110.835,0,30.24390243902439,0.5609756097560976,0.2926829268292683,0,1,50,Low
10,0,42,2,1075,23,25,12,3,1,1,30,143.92,0,25.595238095238095,0.5476190476190477,0.5952380952380952,0,1,60,Medium
8,0,41,2,365,9,12,4,3,1,1,30,62.96,1,8.902439024390244,0.21951219512195122,0.2926829268292683,0,1,25,Low
11,0,41,2,7873,136,396,47,3,1,1,30,1904.36,0,192.02439024390245,3.317073170731707,9.658536585365853,0,1,579,Very High
15,0,41,3,11830,163,23,51,4,1,1,45,357.325,0,288.5365853658537,3.975609756097561,0.5609756097560976,0,1,237,High
16,0,41,3,7083,84,120,41,2,1,1,25,862.515,0,172.7560975609756,2.048780487804878,2.926829268292683,0,1,245,Very High
31,1,37,2,1320,56,28,21,3,1,1,30,167.04,1,35.67567567567568,1.5135135135135136,0.7567567567567568,1,1,105,Medium
29,1,40,10,10800,102,13,46,5,2,1,55,183.03,0,270.0,2.55,0.325,1,1,161,Medium
21,0,40,3,6183,107,38,28,3,1,1,30,403.6,0,154.575,2.675,0.95,0,1,173,High
9,0,38,2,3205,31,12,18,3,1,1,30,177.44,0,84.34210526315789,0.8157894736842105,0.3157894736842105,0,1,61,Medium
17,1,39,2,3355,50,21,20,3,1,1,30,220.2,1,86.02564102564102,1.2820512820512822,0.5384615384615384,1,1,91,Medium
17,0,40,2,2633,53,46,35,4,1,1,45,182.15,1,65.825,1.325,1.15,0,1,134,Medium
8,0,40,2,498,11,12,6,3,1,1,30,68.36,1,12.45,0.275,0.3,0,1,29,Low
9,0,40,2,2033,34,12,10,4,1,1,45,81.675,0,50.825,0.85,0.3,0,1,56,Low
11,0,37,3,7150,106,26,26,5,1,1,55,147.84,0,193.24324324324326,2.864864864864865,0.7027027027027027,0,1,158,Medium
8,1,40,2,993,16,21,8,4,1,1,45,77.725,1,24.825,0.4,0.525,1,1,45,Low
8,0,40,3,703,13,16,6,5,1,1,55,34.74,0,17.575,0.325,0.4,0,1,35,Low
33,0,35,5,16440,247,12,84,2,2,1,25,804.915,0,469.7142857142857,7.057142857142857,0.34285714285714286,0,1,343,Very High
14,0,38,5,7330,125,283,37,3,2,1,30,1430.2,0,192.89473684210526,3.289473684210526,7.447368421052632,0,1,445,Very High
10,0,40,2,4083,91,14,32,3,1,1,30,222.96,0,102.075,2.275,0.35,0,1,137,Medium
11,0,39,2,2030,53,50,24,4,1,1,45,177.075,0,52.05128205128205,1.358974358974359,1.2820512820512822,0,1,127,Medium
14,0,40,2,3145,62,187,27,2,1,1,25,985.815,0,78.625,1.55,4.675,0,1,276,Very High
12,0,31,3,1680,45,205,15,3,2,1,30,889.0,0,54.193548387096776,1.4516129032258065,6.612903225806452,0,1,265,Very High
12,0,30,2,1933,48,42,72,5,1,1,55,92.715,0,64.43333333333334,1.6,1.4,0,1,162,Low
19,0,31,2,1065,34,22,11,3,1,1,30,131.96,0,34.354838709677416,1.096774193548387,0.7096774193548387,0,1,67,Medium
8,0,30,2,1190,19,33,7,4,1,1,45,112.725,0,39.666666666666664,0.6333333333333333,1.1,0,1,59,Low
18,0,29,2,1590,41,31,17,2,1,1,25,212.895,0,54.827586206896555,1.4137931034482758,1.0689655172413792,0,1,89,Medium
10,0,29,2,3590,70,20,27,3,1,1,30,226.4,0,123.79310344827586,2.413793103448276,0.6896551724137931,0,1,117,Medium
10,0,22,2,2060,35,40,18,3,1,1,30,243.8,0,93.63636363636364,1.5909090909090908,1.8181818181818181,0,1,93,High
24,0,21,3,6758,150,97,46,2,2,1,25,747.36,0,321.8095238095238,7.142857142857143,4.619047619047619,0,1,293,High
20,0,19,2,9298,180,85,44,5,1,1,55,269.67,0,489.36842105263156,9.473684210526315,4.473684210526316,0,1,309,High
16,0,20,5,3218,54,43,23,3,2,1,30,302.88,0,160.9,2.7,2.15,0,1,120,High
10,0,13,3,4755,49,227,14,3,1,1,30,1100.16,0,365.7692307692308,3.769230769230769,17.46153846153846,0,1,290,Very High
11,1,13,3,1853,28,12,11,3,1,1,30,123.24,1,142.53846153846155,2.1538461538461537,0.9230769230769231,1,1,51,Medium
10,0,38,1,4615,74,7,17,3,1,1,30,215.56,0,121.44736842105263,1.9473684210526316,0.18421052631578946,0,1,98,Medium
5,0,39,0,563,8,9,4,3,1,2,30,58.84,0,14.435897435897436,0.20512820512820512,0.23076923076923078,0,1,21,Low
12,0,37,1,2698,63,361,24,3,1,1,30,1554.44,0,72.91891891891892,1.7027027027027026,9.756756756756756,0,1,448,Very High
12,0,38,1,4443,69,7,35,1,1,1,15,286.66,0,116.92105263157895,1.8157894736842106,0.18421052631578946,0,1,111,High
5,0,38,1,2638,61,7,33,2,1,1,25,152.955,0,69.42105263157895,1.605263157894737,0.18421052631578946,0,1,101,Medium
13,0,38,1,4020,85,34,28,3,1,1,30,300.2,0,105.78947368421052,2.236842105263158,0.8947368421052632,0,1,147,High
6,0,38,1,2605,42,287,18,3,1,1,30,1253.88,0,68.55263157894737,1.105263157894737,7.552631578947368,0,1,347,Very High
15,0,37,2,9360,124,146,43,3,1,1,30,963.36,0,252.97297297297297,3.3513513513513513,3.945945945945946,0,1,313,Very High
9,0,38,1,14018,172,7,44,3,1,1,30,595.6,0,368.89473684210526,4.526315789473684,0.18421052631578946,0,1,223,High
9,0,38,1,4760,86,7,25,3,1,1,30,221.84,0,125.26315789473684,2.263157894736842,0.18421052631578946,0,1,118,Medium
8,0,38,1,6163,98,9,12,3,1,1,30,286.44,0,162.18421052631578,2.5789473684210527,0.23684210526315788,0,1,119,High
11,0,38,0,2483,57,10,17,3,1,2,30,141.6,0,65.34210526315789,1.5,0.2631578947368421,0,1,84,Medium
27,0,38,3,15385,228,56,32,3,1,1,30,848.52,0,404.86842105263156,6.0,1.4736842105263157,0,1,316,Very High
6,0,38,1,3340,30,485,8,3,1,1,30,2074.8,0,87.89473684210526,0.7894736842105263,12.763157894736842,0,1,523,Very High
11,0,37,1,15730,185,152,30,2,1,1,25,1400.175,0,425.13513513513516,5.0,4.108108108108108,0,1,367,Very High
5,0,37,1,6745,89,188,26,3,1,1,30,1025.36,0,182.2972972972973,2.4054054054054053,5.081081081081081,0,1,303,Very High
5,0,37,0,1120,17,7,11,2,1,2,25,82.665,0,30.27027027027027,0.4594594594594595,0.1891891891891892,0,1,35,Low
5,0,38,0,955,17,15,8,3,1,2,30,98.88,0,25.13157894736842,0.4473684210526316,0.39473684210526316,0,1,40,Low
5,0,37,0,305,6,7,2,2,1,2,25,45.495,1,8.243243243243244,0.16216216216216217,0.1891891891891892,0,1,15,Low
5,0,37,1,7753,130,386,43,3,1,1,30,1859.32,0,209.54054054054055,3.5135135135135136,10.432432432432432,0,1,559,Very High
9,0,37,1,11710,157,13,47,4,1,1,45,329.175,0,316.4864864864865,4.243243243243243,0.35135135135135137,0,1,217,High
10,0,37,1,6963,78,110,37,2,1,1,25,811.845,0,188.1891891891892,2.108108108108108,2.972972972972973,0,1,225,Very High
25,1,33,0,1200,50,18,17,3,1,2,30,122.0,1,36.36363636363637,1.5151515151515151,0.5454545454545454,1,1,85,Medium
23,0,36,8,10680,96,7,42,5,1,1,55,172.14,0,296.6666666666667,2.6666666666666665,0.19444444444444445,0,1,145,Medium
15,0,36,1,6063,101,28,24,2,1,1,25,403.38,0,168.41666666666666,2.8055555555555554,0.7777777777777778,0,1,153,High
5,0,34,1,3085,25,7,14,3,1,1,30,152.4,0,90.73529411764706,0.7352941176470589,0.20588235294117646,0,1,46,Medium
11,0,35,0,3235,44,11,16,3,1,2,30,175.16,1,92.42857142857143,1.2571428571428571,0.3142857142857143,0,1,71,Medium
11,1,36,0,2513,47,36,31,3,1,2,30,246.4,1,69.80555555555556,1.3055555555555556,1.0,1,1,114,High
5,0,36,0,305,6,7,2,3,1,2,30,40.44,1,8.472222222222221,0.16666666666666666,0.19444444444444445,0,1,15,Low
5,0,36,1,1913,28,7,6,4,1,1,45,66.025,0,53.138888888888886,0.7777777777777778,0.19444444444444445,0,1,41,Low
5,0,33,1,7030,100,16,22,5,1,1,55,130.95,0,213.03030303030303,3.0303030303030303,0.48484848484848486,0,1,138,Medium
5,0,36,0,873,10,11,4,4,1,2,45,49.575,1,24.25,0.2777777777777778,0.3055555555555556,0,1,25,Low
5,0,36,1,305,6,7,2,5,1,1,55,15.165,0,8.472222222222221,0.16666666666666666,0.19444444444444445,0,1,15,Low
27,0,31,3,16320,241,7,80,2,1,1,25,776.745,0,526.4516129032259,7.774193548387097,0.22580645161290322,0,1,328,High
8,0,34,3,7210,119,273,33,2,2,1,25,1558.305,0,212.05882352941177,3.5,8.029411764705882,0,1,425,Very High
5,0,36,1,3963,85,7,28,3,1,1,30,189.92,0,110.08333333333333,2.361111111111111,0.19444444444444445,0,1,120,Medium
5,0,35,0,1910,47,40,20,3,1,2,30,238.28,0,54.57142857142857,1.3428571428571427,1.1428571428571428,0,1,107,High
8,0,36,1,3025,56,177,23,2,1,1,25,935.145,0,84.02777777777777,1.5555555555555556,4.916666666666667,0,1,256,Very High
6,0,27,1,1560,39,195,11,2,2,1,25,949.455,0,57.77777777777778,1.4444444444444444,7.222222222222222,0,1,245,Very High
6,0,26,1,1813,42,32,68,4,1,1,45,126.375,0,69.73076923076923,1.6153846153846154,1.2307692307692308,0,1,142,Medium
13,0,27,0,945,28,12,7,3,1,2,30,86.92,0,35.0,1.037037037037037,0.4444444444444444,0,1,47,Low
5,0,26,0,1070,13,23,3,4,1,2,45,84.575,0,41.15384615384615,0.5,0.8846153846153846,0,1,39,Low
12,0,25,1,1470,35,21,13,2,1,1,25,162.225,0,58.8,1.4,0.84,0,1,69,Medium
5,0,25,1,3470,64,10,23,3,1,1,30,181.36,0,138.8,2.56,0.4,0,1,97,Medium
5,0,18,1,1940,29,30,14,2,1,1,25,223.605,0,107.77777777777777,1.6111111111111112,1.6666666666666667,0,1,73,Medium
18,0,17,1,6638,144,87,42,2,2,1,25,696.69,0,390.47058823529414,8.470588235294118,5.117647058823529,0,1,273,High
14,0,15,1,9178,174,75,40,5,1,1,55,252.78,0,611.8666666666667,11.6,5.0,0,1,289,High
10,0,16,3,3098,48,33,19,3,1,1,30,257.84,0,193.625,3.0,2.0625,0,1,100,High
5,0,9,1,4635,43,217,10,3,1,1,30,1055.12,0,515.0,4.777777777777778,24.11111111111111,0,1,270,Very High
5,1,9,1,1733,22,7,7,3,1,1,30,98.2,1,192.55555555555554,2.4444444444444446,0.7777777777777778,1,1,36,Low
14,0,44,2,4755,79,22,23,3,1,1,30,281.36,0,108.06818181818181,1.7954545454545454,0.5,0,1,124,High
6,0,45,0,703,13,24,10,3,1,2,30,124.64,0,15.622222222222222,0.28888888888888886,0.5333333333333333,0,1,47,Medium
16,0,43,2,2838,68,376,30,3,1,1,30,1620.24,0,66.0,1.5813953488372092,8.744186046511627,0,1,474,Very High
16,0,44,2,4583,74,18,41,1,1,1,15,355.135,0,104.1590909090909,1.6818181818181819,0.4090909090909091,0,1,133,High
9,0,44,2,2778,66,19,39,2,1,1,25,213.48,0,63.13636363636363,1.5,0.4318181818181818,0,1,124,Medium
17,0,44,3,4160,90,49,34,3,1,1,30,366.0,0,94.54545454545455,2.0454545454545454,1.1136363636363635,0,1,173,High
10,0,44,2,2745,47,302,24,4,1,1,45,824.8,0,62.38636363636363,1.0681818181818181,6.863636363636363,0,1,373,Very High
19,0,43,4,9500,129,161,49,3,1,1,30,1029.16,0,220.93023255813952,3.0,3.744186046511628,0,1,339,Very High
13,0,44,2,14158,177,17,50,3,1,1,30,641.4,0,321.77272727272725,4.0227272727272725,0.38636363636363635,0,1,244,High
13,0,44,3,4900,91,19,31,3,1,1,30,275.64,0,111.36363636363636,2.0681818181818183,0.4318181818181818,0,1,141,High
12,0,44,2,6303,103,24,18,3,1,1,30,352.24,0,143.25,2.340909090909091,0.5454545454545454,0,1,145,High
15,1,44,0,2623,62,25,23,3,1,2,30,207.4,0,59.61363636363637,1.4090909090909092,0.5681818181818182,1,1,110,Medium
31,0,44,5,15525,233,71,38,3,1,1,30,914.32,0,352.84090909090907,5.295454545454546,1.6136363636363635,0,1,342,Very High
10,0,44,3,3480,35,500,14,4,1,1,45,1337.875,0,79.0909090909091,0.7954545454545454,11.363636363636363,0,1,549,Very High
15,0,43,2,15870,190,167,36,2,1,1,25,1474.2,0,369.06976744186045,4.4186046511627906,3.883720930232558,0,1,393,Very High
9,0,43,3,6885,94,203,32,3,1,1,30,1091.16,0,160.11627906976744,2.186046511627907,4.72093023255814,0,1,329,Very High
6,0,43,0,1260,22,17,17,2,1,2,25,134.19,0,29.302325581395348,0.5116279069767442,0.3953488372093023,0,1,56,Medium
8,0,44,0,1095,22,30,14,3,1,2,30,164.68,0,24.886363636363637,0.5,0.6818181818181818,0,1,66,Medium
6,0,43,0,385,8,17,6,2,1,2,25,94.185,1,8.953488372093023,0.18604651162790697,0.3953488372093023,0,1,31,Low
9,0,43,2,7893,135,401,49,3,1,1,30,1925.12,0,183.5581395348837,3.13953488372093,9.325581395348838,0,1,585,Very High
13,0,43,3,11850,162,28,53,4,1,1,45,370.3,0,275.5813953488372,3.7674418604651163,0.6511627906976745,0,1,243,High
14,0,43,3,7103,83,125,43,2,1,1,25,885.87,0,165.1860465116279,1.930232558139535,2.9069767441860463,0,1,251,Very High
29,1,39,0,1340,55,33,23,3,1,2,30,187.8,1,34.35897435897436,1.4102564102564104,0.8461538461538461,1,1,111,Medium
27,0,42,10,10820,101,18,48,5,1,1,55,190.815,0,257.6190476190476,2.4047619047619047,0.42857142857142855,0,1,167,Medium
19,0,42,3,6203,106,43,30,3,1,1,30,424.36,0,147.6904761904762,2.5238095238095237,1.0238095238095237,0,1,179,High
7,0,40,2,3225,30,17,20,3,1,1,30,198.2,0,80.625,0.75,0.425,0,1,67,Medium
15,1,41,0,3375,49,26,22,3,1,2,30,240.96,1,82.3170731707317,1.1951219512195121,0.6341463414634146,1,1,97,High
15,1,42,0,2653,52,51,37,4,1,2,45,195.125,1,63.166666666666664,1.2380952380952381,1.2142857142857142,1,1,140,Medium
6,0,42,0,518,10,17,8,3,1,2,30,89.12,1,12.333333333333334,0.23809523809523808,0.40476190476190477,0,1,35,Low
7,0,42,2,2053,33,17,12,4,1,1,45,94.65,0,48.88095238095238,0.7857142857142857,0.40476190476190477,0,1,62,Low
9,0,39,3,7170,105,31,28,5,1,1,55,155.625,0,183.84615384615384,2.6923076923076925,0.7948717948717948,0,1,164,Medium
6,1,42,0,1013,15,26,10,4,1,2,45,90.7,1,24.11904761904762,0.35714285714285715,0.6190476190476191,1,1,51,Low
6,0,42,3,723,12,21,8,5,1,1,55,42.525,0,17.214285714285715,0.2857142857142857,0.5,0,1,41,Low
31,0,37,5,16460,246,17,86,2,1,1,25,828.27,0,444.86486486486484,6.648648648648648,0.4594594594594595,0,1,349,Very High
12,0,40,5,7350,124,288,39,3,2,1,30,1450.96,0,183.75,3.1,7.2,0,1,451,Very High
8,0,42,2,4103,90,19,34,3,1,1,30,243.72,0,97.69047619047619,2.142857142857143,0.4523809523809524,0,1,143,High
9,1,41,0,2050,52,55,26,4,1,2,45,190.05,0,50.0,1.2682926829268293,1.3414634146341464,1,1,133,Medium
12,0,42,2,3165,61,192,29,2,1,1,25,1009.17,0,75.35714285714286,1.4523809523809523,4.571428571428571,0,1,282,Very High
10,0,33,3,1700,44,210,17,3,2,1,30,909.76,0,51.515151515151516,1.3333333333333333,6.363636363636363,0,1,271,Very High
10,0,32,2,1953,47,47,74,5,1,1,55,100.5,0,61.03125,1.46875,1.46875,0,1,168,Low
17,0,33,0,1085,33,27,13,3,1,2,30,152.72,0,32.878787878787875,1.0,0.8181818181818182,0,1,73,Medium
6,0,32,0,1210,18,38,9,4,1,2,45,125.7,0,37.8125,0.5625,1.1875,0,1,65,Medium
16,0,31,2,1610,40,36,19,2,1,1,25,236.25,0,51.935483870967744,1.2903225806451613,1.1612903225806452,0,1,95,High
8,0,31,2,3610,69,25,29,3,1,1,30,247.16,0,116.45161290322581,2.225806451612903,0.8064516129032258,0,1,123,High
8,0,24,2,2080,34,45,20,3,1,1,30,264.56,0,86.66666666666667,1.4166666666666667,1.875,0,1,99,High
22,0,23,3,6778,149,102,48,2,2,1,25,770.715,0,294.69565217391306,6.478260869565218,4.434782608695652,0,1,299,High
18,0,21,2,9318,179,90,46,5,1,1,55,277.455,0,443.7142857142857,8.523809523809524,4.285714285714286,0,1,315,High
14,0,22,5,3238,53,48,25,3,2,1,30,323.64,0,147.1818181818182,2.409090909090909,2.1818181818181817,0,1,126,High
8,0,15,3,4775,48,232,16,3,1,1,30,1120.92,0,318.3333333333333,3.2,15.466666666666667,0,1,296,Very High
9,1,15,3,1873,27,17,13,3,1,1,30,144.0,1,124.86666666666666,1.8,1.1333333333333333,1,1,57,Medium
12,0,36,1,4595,75,7,15,3,1,1,30,214.8,0,127.63888888888889,2.0833333333333335,0.19444444444444445,0,1,97,Medium
5,0,37,0,305,6,7,2,3,1,2,30,40.44,0,8.243243243243244,0.16216216216216217,0.1891891891891892,0,1,15,Low
14,0,35,1,2678,64,356,22,3,1,1,30,1533.68,0,76.51428571428572,1.8285714285714285,10.17142857142857,0,1,442,Very High
14,0,36,1,4423,70,7,33,2,1,1,25,233.685,0,122.86111111111111,1.9444444444444444,0.19444444444444445,0,1,110,High
7,0,36,1,2618,62,7,31,2,1,1,25,152.1,0,72.72222222222223,1.7222222222222223,0.19444444444444445,0,1,100,Medium
15,0,36,1,4000,86,29,26,3,1,1,30,279.44,0,111.11111111111111,2.388888888888889,0.8055555555555556,0,1,141,High
8,0,36,1,2585,43,282,16,3,1,1,30,1233.12,0,71.80555555555556,1.1944444444444444,7.833333333333333,0,1,341,Very High
17,0,35,2,9340,125,141,41,3,1,1,30,942.6,0,266.85714285714283,3.5714285714285716,4.0285714285714285,0,1,307,Very High
11,0,36,1,13998,173,7,42,3,1,1,30,594.84,0,388.8333333333333,4.805555555555555,0.19444444444444445,0,1,222,High
11,0,36,1,4740,87,7,23,3,1,1,30,221.08,0,131.66666666666666,2.4166666666666665,0.19444444444444445,0,1,117,Medium
10,0,36,1,6143,99,7,10,3,1,1,30,277.68,0,170.63888888888889,2.75,0.19444444444444445,0,1,116,High
13,0,36,0,2463,58,7,15,3,1,2,30,128.84,0,68.41666666666667,1.6111111111111112,0.19444444444444445,0,1,80,Medium
29,0,36,3,15365,229,51,30,3,1,1,30,827.76,0,426.80555555555554,6.361111111111111,1.4166666666666667,0,1,310,Very High
8,0,36,1,3320,31,480,6,3,1,1,30,2054.04,0,92.22222222222223,0.8611111111111112,13.333333333333334,0,1,517,Very High
13,0,35,1,15710,186,147,28,2,1,1,25,1376.82,0,448.85714285714283,5.314285714285714,4.2,0,1,361,Very High
7,0,35,1,6725,90,183,24,3,1,1,30,1004.6,0,192.14285714285714,2.5714285714285716,5.228571428571429,0,1,297,Very High
5,0,35,0,1100,18,7,9,2,1,2,25,81.81,0,31.428571428571427,0.5142857142857142,0.2,0,1,34,Low
6,0,36,0,935,18,10,6,3,1,2,30,78.12,0,25.97222222222222,0.5,0.2777777777777778,0,1,34,Low
5,0,35,0,305,6,7,2,2,1,2,25,45.495,1,8.714285714285714,0.17142857142857143,0.2,0,1,15,Low
7,0,35,1,7733,131,381,41,3,1,1,30,1838.56,0,220.94285714285715,3.742857142857143,10.885714285714286,0,1,553,Very High
11,0,35,1,11690,158,8,45,4,1,1,45,316.2,0,334.0,4.514285714285714,0.22857142857142856,0,1,211,High
12,0,35,1,6943,79,105,35,2,1,1,25,788.49,0,198.37142857142857,2.257142857142857,3.0,0,1,219,High
27,1,31,0,1180,51,13,15,3,1,2,30,101.24,1,38.064516129032256,1.6451612903225807,0.41935483870967744,1,1,79,Low
25,0,34,8,10660,97,7,40,5,1,1,55,171.855,0,313.52941176470586,2.8529411764705883,0.20588235294117646,0,1,144,Medium
17,0,34,1,6043,102,23,22,2,1,1,25,380.025,0,177.73529411764707,3.0,0.6764705882352942,0,1,147,High
5,0,32,1,3065,26,7,12,3,1,1,30,151.64,0,95.78125,0.8125,0.21875,0,1,45,Medium
13,1,33,0,3215,45,7,14,3,1,2,30,158.4,1,97.42424242424242,1.3636363636363635,0.21212121212121213,1,1,66,Medium
13,1,34,0,2493,48,31,29,3,1,2,30,225.64,1,73.32352941176471,1.411764705882353,0.9117647058823529,1,1,108,Medium
5,0,34,0,305,6,7,2,3,1,2,30,40.44,1,8.970588235294118,0.17647058823529413,0.20588235294117646,0,1,15,Low
5,0,34,1,1893,29,7,4,4,1,1,45,65.55,0,55.6764705882353,0.8529411764705882,0.20588235294117646,0,1,40,Low
7,0,31,1,7010,101,11,20,5,1,1,55,123.165,0,226.1290322580645,3.2580645161290325,0.3548387096774194,0,1,132,Medium
5,0,34,0,305,6,7,2,4,1,2,45,25.275,1,8.970588235294118,0.17647058823529413,0.20588235294117646,0,1,15,Low
5,0,34,1,305,6,7,2,5,1,1,55,15.165,0,8.970588235294118,0.17647058823529413,0.20588235294117646,0,1,15,Low
29,0,29,3,16300,242,7,78,2,1,1,25,775.89,0,562.0689655172414,8.344827586206897,0.2413793103448276,0,1,327,High
10,0,32,3,7190,120,268,31,3,2,1,30,1364.4,0,224.6875,3.75,8.375,0,1,419,Very High
6,0,34,1,3943,86,7,26,3,1,1,30,189.16,0,115.97058823529412,2.5294117647058822,0.20588235294117646,0,1,119,Medium
7,0,33,0,1890,48,35,18,3,1,2,30,217.52,0,57.27272727272727,1.4545454545454546,1.0606060606060606,0,1,101,Medium
10,0,34,1,3005,57,172,21,2,1,1,25,911.79,0,88.38235294117646,1.6764705882352942,5.0588235294117645,0,1,250,Very High
8,0,25,1,1540,40,190,9,3,2,1,30,823.2,0,61.6,1.6,7.6,0,1,239,Very High
8,0,24,1,1793,43,27,66,4,1,1,45,113.4,0,74.70833333333333,1.7916666666666667,1.125,0,1,136,Low
15,0,25,0,925,29,7,5,3,1,2,30,66.16,0,37.0,1.16,0.28,0,1,41,Low
5,0,24,0,305,6,18,2,4,1,2,45,52.775,0,12.708333333333334,0.25,0.75,0,1,26,Low
14,0,23,1,1450,36,16,11,2,1,1,25,138.87,0,63.04347826086956,1.565217391304348,0.6956521739130435,0,1,63,Medium
6,0,23,1,3450,65,7,21,3,1,1,30,168.6,0,150.0,2.8260869565217392,0.30434782608695654,0,1,93,Medium
6,0,16,1,1920,30,25,12,2,1,1,25,200.25,0,120.0,1.875,1.5625,0,1,67,Medium
20,0,15,1,6618,145,82,40,2,2,1,25,673.335,0,441.2,9.666666666666666,5.466666666666667,0,1,267,High
16,0,13,1,9158,175,70,38,5,1,1,55,244.995,0,704.4615384615385,13.461538461538462,5.384615384615385,0,1,283,High
12,0,14,3,3078,49,28,17,3,1,1,30,237.08,0,219.85714285714286,3.5,2.0,0,1,94,High
6,0,7,1,4615,44,212,8,3,1,1,30,1034.36,0,659.2857142857143,6.285714285714286,30.285714285714285,0,1,264,Very High
7,1,7,1,1713,23,7,5,3,1,1,30,97.44,1,244.71428571428572,3.2857142857142856,1.0,1,1,35,Low
18,0,46,2,4935,87,27,25,3,1,1,30,308.88,0,107.28260869565217,1.891304347826087,0.5869565217391305,0,1,139,High
10,0,47,0,883,21,29,12,3,1,2,30,152.16,0,18.78723404255319,0.44680851063829785,0.6170212765957447,0,1,62,Medium
20,0,45,2,3018,76,381,32,3,1,1,30,1647.76,0,67.06666666666666,1.6888888888888889,8.466666666666667,0,1,489,Very High
20,0,46,2,4763,82,23,43,1,1,1,15,392.975,0,103.54347826086956,1.7826086956521738,0.5,0,1,148,High
13,0,46,2,2958,74,24,41,2,1,1,25,244.44,0,64.30434782608695,1.608695652173913,0.5217391304347826,0,1,139,High
21,0,46,3,4340,98,54,36,3,1,1,30,393.52,0,94.34782608695652,2.130434782608696,1.173913043478261,0,1,188,High
14,0,46,2,2925,55,307,26,4,1,1,45,842.0,0,63.58695652173913,1.1956521739130435,6.673913043478261,0,1,388,Very High
23,0,45,4,9680,137,166,51,3,1,1,30,1056.68,0,215.11111111111111,3.0444444444444443,3.688888888888889,0,1,354,Very High
17,0,46,2,14338,185,22,52,3,1,1,30,668.92,0,311.69565217391306,4.021739130434782,0.4782608695652174,0,1,259,High
17,0,46,3,5080,99,24,33,4,1,1,45,189.475,0,110.43478260869566,2.152173913043478,0.5217391304347826,0,1,156,Medium
16,0,46,2,6483,111,29,20,3,1,1,30,379.76,0,140.93478260869566,2.4130434782608696,0.6304347826086957,0,1,160,High
19,0,46,0,2803,70,30,25,4,1,2,45,146.825,0,60.93478260869565,1.5217391304347827,0.6521739130434783,0,1,125,Medium
35,0,46,5,15705,241,76,40,3,1,1,30,941.84,0,341.4130434782609,5.239130434782608,1.6521739130434783,0,1,357,Very High
14,0,46,3,3660,43,505,16,4,1,1,45,1355.075,0,79.56521739130434,0.9347826086956522,10.978260869565217,0,1,564,Very High
19,0,45,2,16050,198,172,38,2,1,1,25,1505.16,0,356.6666666666667,4.4,3.8222222222222224,0,1,408,Very High
13,0,45,3,7065,102,208,34,4,1,1,45,699.175,0,157.0,2.2666666666666666,4.622222222222222,0,1,344,High
10,0,45,0,1440,30,22,19,3,1,2,30,146.8,0,32.0,0.6666666666666666,0.4888888888888889,0,1,71,Medium
12,0,46,0,1275,30,35,16,3,1,2,30,192.2,0,27.717391304347824,0.6521739130434783,0.7608695652173914,0,1,81,Medium
10,0,45,0,565,16,22,8,3,1,2,30,111.24,1,12.555555555555555,0.35555555555555557,0.4888888888888889,0,1,46,Low
13,0,45,2,8073,143,406,51,3,1,1,30,1952.64,0,179.4,3.1777777777777776,9.022222222222222,0,1,600,Very High
17,0,45,3,12030,170,33,55,4,1,1,45,387.5,0,267.3333333333333,3.7777777777777777,0.7333333333333333,0,1,258,High
18,0,45,3,7283,91,130,45,2,1,1,25,916.83,0,161.84444444444443,2.022222222222222,2.888888888888889,0,1,266,Very High
33,1,41,0,1520,63,38,25,3,1,2,30,215.32,1,37.073170731707314,1.5365853658536586,0.926829268292683,1,1,126,Medium
31,0,44,10,11000,109,23,50,5,1,1,55,201.135,0,250.0,2.477272727272727,0.5227272727272727,0,1,182,Medium
23,0,44,3,6383,114,48,32,3,1,1,30,451.88,0,145.0681818181818,2.590909090909091,1.0909090909090908,0,1,194,High
11,0,42,2,3405,38,22,22,4,1,1,45,141.075,0,81.07142857142857,0.9047619047619048,0.5238095238095238,0,1,82,Medium
19,1,43,0,3555,57,31,24,3,1,2,30,268.48,1,82.67441860465117,1.3255813953488371,0.7209302325581395,1,1,112,High
19,1,44,0,2833,60,56,39,4,1,2,45,212.325,1,64.38636363636364,1.3636363636363635,1.2727272727272727,1,1,155,Medium
10,0,44,0,698,18,22,10,3,1,2,30,116.64,1,15.863636363636363,0.4090909090909091,0.5,0,1,50,Low
11,0,44,2,2233,41,22,14,4,1,1,45,111.85,0,50.75,0.9318181818181818,0.5,0,1,77,Low
13,0,41,3,7350,113,36,30,5,1,1,55,165.945,0,179.26829268292684,2.7560975609756095,0.8780487804878049,0,1,179,Medium
10,1,44,0,1193,23,31,12,4,1,2,45,107.9,1,27.113636363636363,0.5227272727272727,0.7045454545454546,1,1,66,Low
10,0,44,3,903,20,26,10,5,1,1,55,52.845,0,20.522727272727273,0.45454545454545453,0.5909090909090909,0,1,56,Low
35,0,39,5,16640,254,22,88,2,2,1,25,859.23,0,426.6666666666667,6.512820512820513,0.5641025641025641,0,1,364,Very High
16,1,42,5,7530,132,293,41,3,2,1,30,1478.48,0,179.28571428571428,3.142857142857143,6.976190476190476,1,1,466,Very High
12,0,44,2,4283,98,24,36,3,1,1,30,271.24,0,97.3409090909091,2.227272727272727,0.5454545454545454,0,1,158,High
13,0,43,0,2230,60,60,28,4,1,2,45,207.25,0,51.86046511627907,1.3953488372093024,1.3953488372093024,0,1,148,Medium
16,0,44,2,3345,69,197,31,2,1,1,25,1040.13,0,76.02272727272727,1.5681818181818181,4.4772727272727275,0,1,297,Very High
14,0,35,3,1880,52,215,19,3,2,1,30,937.28,0,53.714285714285715,1.4857142857142858,6.142857142857143,0,1,286,Very High
14,0,34,2,2133,55,52,76,5,1,1,55,110.82,0,62.73529411764706,1.6176470588235294,1.5294117647058822,0,1,183,Low
21,0,35,0,1265,41,32,15,3,1,2,30,180.24,0,36.142857142857146,1.1714285714285715,0.9142857142857143,0,1,88,Medium
10,0,34,0,1390,26,43,11,4,1,2,45,142.9,0,40.88235294117647,0.7647058823529411,1.2647058823529411,0,1,80,Medium
20,0,33,2,1790,48,41,21,2,1,1,25,267.21,0,54.24242424242424,1.4545454545454546,1.2424242424242424,0,1,110,High
12,0,33,2,3790,77,30,31,4,1,1,45,171.675,0,114.84848484848484,2.3333333333333335,0.9090909090909091,0,1,138,Medium
12,0,26,2,2260,42,50,22,3,1,1,30,292.08,0,86.92307692307692,1.6153846153846154,1.9230769230769231,0,1,114,High
26,0,25,3,6958,157,107,50,2,2,1,25,801.675,0,278.32,6.28,4.28,0,1,314,Very High
22,0,23,2,9498,187,95,48,5,1,1,55,287.775,0,412.95652173913044,8.130434782608695,4.130434782608695,0,1,330,High
18,0,24,5,3418,61,53,27,4,2,1,45,219.475,0,142.41666666666666,2.5416666666666665,2.2083333333333335,0,1,141,Medium
12,0,17,3,4955,56,237,18,3,1,1,30,1148.44,0,291.47058823529414,3.2941176470588234,13.941176470588236,0,1,311,Very High
13,0,17,3,2053,35,22,15,3,1,1,30,171.52,1,120.76470588235294,2.0588235294117645,1.2941176470588236,0,1,72,Medium
8,0,34,1,4415,67,7,13,3,1,1,30,207.28,0,129.85294117647058,1.9705882352941178,0.20588235294117646,0,1,87,Medium
5,0,35,0,305,6,7,2,2,1,2,25,45.495,0,8.714285714285714,0.17142857142857143,0.2,0,1,15,Low
10,0,33,1,2498,56,351,20,3,1,1,30,1506.16,0,75.6969696969697,1.696969696969697,10.636363636363637,0,1,427,Very High
10,0,34,1,4243,62,7,31,2,1,1,25,225.225,0,124.79411764705883,1.8235294117647058,0.20588235294117646,0,1,100,Medium
5,0,34,1,2438,54,7,29,1,1,1,15,175.56,0,71.70588235294117,1.588235294117647,0.20588235294117646,0,1,90,Medium
11,0,34,1,3820,78,24,24,3,1,1,30,251.92,0,112.3529411764706,2.2941176470588234,0.7058823529411765,0,1,126,High
5,0,34,1,2405,35,277,14,3,1,1,30,1205.6,0,70.73529411764706,1.0294117647058822,8.147058823529411,0,1,326,Very High
13,0,33,2,9160,117,136,39,3,1,1,30,915.08,0,277.57575757575756,3.5454545454545454,4.121212121212121,0,1,292,Very High
7,0,34,1,13818,165,7,40,3,1,1,30,587.32,0,406.4117647058824,4.852941176470588,0.20588235294117646,0,1,212,High
7,0,34,1,4560,79,7,21,3,1,1,30,213.56,0,134.11764705882354,2.323529411764706,0.20588235294117646,0,1,107,Medium
6,0,34,1,5963,91,7,8,3,1,1,30,270.16,0,175.38235294117646,2.676470588235294,0.20588235294117646,0,1,106,High
9,0,34,0,2283,50,7,13,3,1,2,30,121.32,0,67.1470588235294,1.4705882352941178,0.20588235294117646,0,1,70,Medium
25,0,34,3,15185,221,46,28,3,1,1,30,800.24,0,446.61764705882354,6.5,1.3529411764705883,0,1,295,Very High
5,0,34,1,3140,23,475,4,3,1,1,30,2026.52,0,92.3529411764706,0.6764705882352942,13.970588235294118,0,1,502,Very High
9,0,33,1,15530,178,142,26,2,1,1,25,1345.86,0,470.6060606060606,5.393939393939394,4.303030303030303,0,1,346,Very High
5,0,33,1,6545,82,178,22,3,1,1,30,977.08,0,198.33333333333334,2.484848484848485,5.393939393939394,0,1,282,Very High
5,0,33,0,920,10,7,7,2,1,2,25,73.35,0,27.87878787878788,0.30303030303030304,0.21212121212121213,0,1,24,Low
5,0,34,0,755,10,7,4,3,1,2,30,58.6,0,22.205882352941178,0.29411764705882354,0.20588235294117646,0,1,21,Low
5,0,33,0,305,6,7,2,2,1,2,25,45.495,1,9.242424242424242,0.18181818181818182,0.21212121212121213,0,1,15,Low
5,0,33,1,7553,123,376,39,2,1,1,25,2037.42,0,228.87878787878788,3.727272727272727,11.393939393939394,0,1,538,Very High
7,0,33,1,11510,150,7,43,4,1,1,45,309.0,0,348.7878787878788,4.545454545454546,0.21212121212121213,0,1,200,High
8,0,33,1,6763,71,100,33,2,1,1,25,757.53,0,204.93939393939394,2.1515151515151514,3.0303030303030303,0,1,204,High
23,0,29,0,1000,43,8,13,2,1,2,25,82.935,1,34.48275862068966,1.4827586206896552,0.27586206896551724,0,1,64,Low
21,0,32,8,10480,89,7,38,5,1,1,55,169.035,0,327.5,2.78125,0.21875,0,1,134,Medium
13,0,32,1,5863,94,18,20,2,1,1,25,349.065,1,183.21875,2.9375,0.5625,0,1,132,High
5,0,30,1,2885,18,7,10,3,1,1,30,144.12,0,96.16666666666667,0.6,0.23333333333333334,0,1,35,Medium
9,0,31,0,3035,37,7,12,3,1,2,30,150.88,1,97.90322580645162,1.1935483870967742,0.22580645161290322,0,1,56,Medium
9,1,32,0,2313,40,26,27,3,1,2,30,198.12,1,72.28125,1.25,0.8125,1,1,93,Medium
5,0,32,0,305,6,7,2,3,1,2,30,40.44,1,9.53125,0.1875,0.21875,0,1,15,Low
5,0,32,1,305,6,7,2,3,1,1,30,40.44,0,9.53125,0.1875,0.21875,0,1,15,Low
5,0,29,1,6830,93,7,18,5,1,1,55,114.345,0,235.51724137931035,3.206896551724138,0.2413793103448276,0,1,118,Low
5,0,32,0,305,6,7,2,4,1,2,45,25.275,1,9.53125,0.1875,0.21875,0,1,15,Low
5,0,32,1,305,6,7,2,5,1,1,55,15.165,1,9.53125,0.1875,0.21875,0,1,15,Low
25,0,27,3,16120,234,7,76,2,1,1,25,767.43,0,597.0370370370371,8.666666666666666,0.25925925925925924,0,1,317,High
6,0,30,3,7010,112,263,29,2,2,1,25,1503.99,0,233.66666666666666,3.7333333333333334,8.766666666666667,0,1,404,Very High
5,0,32,1,3763,78,7,24,2,1,1,25,204.345,0,117.59375,2.4375,0.21875,0,1,109,Medium
5,0,31,0,1710,40,30,16,3,1,2,30,190.0,0,55.16129032258065,1.2903225806451613,0.967741935483871,0,1,86,Medium
6,0,32,1,2825,49,167,19,2,1,1,25,880.83,0,88.28125,1.53125,5.21875,0,1,235,Very High
5,0,23,1,1360,32,185,7,2,2,1,25,895.14,0,59.130434782608695,1.391304347826087,8.043478260869565,0,1,224,Very High
5,0,22,1,1613,35,22,64,4,1,1,45,96.2,0,73.31818181818181,1.5909090909090908,1.0,0,1,121,Low
11,0,23,0,745,21,7,3,2,1,2,25,65.97,0,32.391304347826086,0.9130434782608695,0.30434782608695654,0,1,31,Low
5,0,22,0,305,6,13,2,4,1,2,45,40.275,0,13.863636363636363,0.2727272727272727,0.5909090909090909,0,1,21,Low
10,0,21,1,1270,28,11,9,2,1,1,25,107.91,0,60.476190476190474,1.3333333333333333,0.5238095238095238,0,1,48,Low
5,0,21,1,3270,57,7,19,3,1,1,30,161.08,0,155.71428571428572,2.7142857142857144,0.3333333333333333,0,1,83,Medium
5,0,14,1,1740,22,20,10,2,1,1,25,169.29,0,124.28571428571429,1.5714285714285714,1.4285714285714286,0,1,52,Medium
16,0,13,1,6438,137,77,38,2,2,1,25,642.375,0,495.2307692307692,10.538461538461538,5.923076923076923,0,1,252,High
12,0,11,1,8978,167,65,36,4,1,1,45,391.125,0,816.1818181818181,15.181818181818182,5.909090909090909,0,1,268,High
8,0,12,3,2898,41,23,15,3,1,1,30,209.56,0,241.5,3.4166666666666665,1.9166666666666667,0,1,79,Medium
5,0,5,1,4435,36,207,6,3,1,1,30,1006.84,0,887.0,7.2,41.4,0,1,249,Very High
5,1,5,0,1533,15,7,3,3,1,1,30,89.92,1,306.6,3.0,1.4,1,1,25,Low
15,0,43,1,4855,85,23,24,3,1,1,30,289.6,0,112.90697674418605,1.9767441860465116,0.5348837209302325,0,1,132,High
7,0,44,0,803,19,25,11,3,1,2,30,132.88,0,18.25,0.4318181818181818,0.5681818181818182,0,1,55,Medium
17,0,42,1,2938,74,377,31,3,1,1,30,1628.48,0,69.95238095238095,1.7619047619047619,8.976190476190476,0,1,482,Very High
17,0,43,1,4683,80,19,42,1,1,1,15,366.465,0,108.90697674418605,1.8604651162790697,0.4418604651162791,0,1,141,High
10,0,43,1,2878,72,20,40,2,1,1,25,222.75,0,66.93023255813954,1.6744186046511629,0.46511627906976744,0,1,132,Medium
18,0,43,2,4260,96,50,35,3,1,1,30,374.24,0,99.06976744186046,2.2325581395348837,1.1627906976744187,0,1,181,High
11,0,43,1,2845,53,303,25,3,1,1,30,1327.92,0,66.16279069767442,1.2325581395348837,7.046511627906977,0,1,381,Very High
20,0,42,3,9600,135,162,50,3,1,1,30,1037.4,0,228.57142857142858,3.2142857142857144,3.857142857142857,0,1,347,Very High
14,0,43,1,14258,183,18,51,3,1,1,30,649.64,0,331.5813953488372,4.255813953488372,0.4186046511627907,0,1,252,High
14,0,43,2,5000,97,20,32,3,1,1,30,283.88,0,116.27906976744185,2.255813953488372,0.46511627906976744,0,1,149,High
13,0,43,1,6403,109,25,19,3,1,1,30,360.48,0,148.90697674418604,2.5348837209302326,0.5813953488372093,0,1,153,High
16,1,43,0,2723,68,26,24,3,1,2,30,215.64,0,63.325581395348834,1.5813953488372092,0.6046511627906976,1,1,118,Medium
32,0,43,4,15625,239,72,39,3,1,1,30,922.56,0,363.3720930232558,5.558139534883721,1.6744186046511629,0,1,350,Very High
11,0,43,2,3580,41,501,15,3,1,1,30,2148.84,0,83.25581395348837,0.9534883720930233,11.651162790697674,0,1,557,Very High
16,0,42,1,15970,196,168,37,2,1,1,25,1483.47,0,380.23809523809524,4.666666666666667,4.0,0,1,401,Very High
10,0,42,2,6985,100,204,33,3,1,1,30,1099.4,0,166.3095238095238,2.380952380952381,4.857142857142857,0,1,337,Very High
7,0,42,0,1360,28,18,18,2,1,2,25,143.46,0,32.38095238095238,0.6666666666666666,0.42857142857142855,0,1,64,Medium
9,0,43,0,1195,28,31,15,3,1,2,30,172.92,0,27.790697674418606,0.6511627906976745,0.7209302325581395,0,1,74,Medium
7,0,42,0,485,14,18,7,2,1,2,25,103.455,1,11.547619047619047,0.3333333333333333,0.42857142857142855,0,1,39,Low
10,0,42,1,7993,141,402,50,3,1,1,30,1933.36,0,190.3095238095238,3.357142857142857,9.571428571428571,0,1,593,Very High
14,0,42,2,11950,168,29,54,4,1,1,45,375.45,0,284.5238095238095,4.0,0.6904761904761905,0,1,251,High
15,0,42,2,7203,89,126,44,2,1,1,25,895.14,0,171.5,2.119047619047619,3.0,0,1,259,Very High
30,0,38,0,1440,61,34,24,3,1,2,30,196.04,1,37.89473684210526,1.605263157894737,0.8947368421052632,0,1,119,Medium
28,0,41,9,10920,107,19,49,5,2,1,55,193.905,0,266.3414634146341,2.6097560975609757,0.4634146341463415,0,1,175,Medium
20,0,41,2,6303,112,44,31,2,1,1,25,486.675,0,153.73170731707316,2.731707317073171,1.0731707317073171,0,1,187,High
8,0,39,1,3325,36,18,21,3,1,1,30,206.44,0,85.25641025641026,0.9230769230769231,0.46153846153846156,0,1,75,Medium
16,1,40,0,3475,55,27,23,3,1,2,30,249.2,1,86.875,1.375,0.675,1,1,105,High
16,1,41,0,2753,58,52,38,4,1,2,45,200.275,1,67.14634146341463,1.4146341463414633,1.2682926829268293,1,1,148,Medium
7,1,41,0,618,16,18,9,3,1,2,30,97.36,1,15.073170731707316,0.3902439024390244,0.43902439024390244,1,1,43,Low
8,0,41,1,2153,39,18,13,4,1,1,45,99.8,0,52.51219512195122,0.9512195121951219,0.43902439024390244,0,1,70,Low
10,0,38,2,7270,111,32,29,5,1,1,55,158.715,0,191.31578947368422,2.9210526315789473,0.8421052631578947,0,1,172,Medium
7,0,41,0,1113,21,27,11,4,1,2,45,95.85,1,27.146341463414632,0.5121951219512195,0.6585365853658537,0,1,59,Low
7,0,41,2,823,18,22,9,5,1,1,55,45.615,0,20.073170731707318,0.43902439024390244,0.5365853658536586,0,1,49,Low
32,1,36,4,16560,252,18,87,2,2,1,25,837.54,0,460.0,7.0,0.5,1,1,357,Very High
13,0,39,4,7450,130,289,40,3,2,1,30,1459.2,0,191.02564102564102,3.3333333333333335,7.410256410256411,0,1,459,Very High
9,0,41,1,4203,96,20,35,3,1,1,30,251.96,0,102.51219512195122,2.341463414634146,0.4878048780487805,0,1,151,High
10,0,40,0,2150,58,56,27,3,1,2,30,312.32,0,53.75,1.45,1.4,0,1,141,High
13,0,41,1,3265,67,193,30,2,1,1,25,1018.44,0,79.63414634146342,1.6341463414634145,4.7073170731707314,0,1,290,Very High
11,0,32,2,1800,50,211,18,3,2,1,30,918.0,0,56.25,1.5625,6.59375,0,1,279,Very High
11,0,31,1,2053,53,48,75,5,1,1,55,103.59,0,66.2258064516129,1.7096774193548387,1.5483870967741935,0,1,176,Low
18,0,32,0,1185,39,28,14,3,1,2,30,160.96,0,37.03125,1.21875,0.875,0,1,81,Medium
7,0,31,0,1310,24,39,10,4,1,2,45,130.85,0,42.25806451612903,0.7741935483870968,1.2580645161290323,0,1,73,Medium
17,0,30,1,1710,46,37,20,2,1,1,25,245.52,0,57.0,1.5333333333333334,1.2333333333333334,0,1,103,High
9,0,30,1,3710,75,26,30,3,1,1,30,255.4,0,123.66666666666667,2.5,0.8666666666666667,0,1,131,High
9,0,23,1,2180,40,46,21,3,1,1,30,272.8,0,94.78260869565217,1.7391304347826086,2.0,0,1,107,High
23,0,22,2,6878,155,103,49,2,2,1,25,779.985,0,312.6363636363636,7.045454545454546,4.681818181818182,0,1,307,High
19,0,20,1,9418,185,91,47,5,1,1,55,280.545,0,470.9,9.25,4.55,0,1,323,High
15,0,21,4,3338,59,49,26,3,1,1,30,331.88,0,158.95238095238096,2.8095238095238093,2.3333333333333335,0,1,134,High
9,0,14,2,4875,54,233,17,3,1,1,30,1129.16,0,348.2142857142857,3.857142857142857,16.642857142857142,0,1,304,Very High
10,0,14,2,1973,33,18,14,3,1,1,30,152.24,1,140.92857142857142,2.357142857142857,1.2857142857142858,0,1,65,Medium
11,0,37,1,4495,69,7,14,3,1,1,30,210.56,0,121.48648648648648,1.864864864864865,0.1891891891891892,0,1,90,Medium
5,0,38,0,305,6,7,2,3,1,2,30,40.44,0,8.026315789473685,0.15789473684210525,0.18421052631578946,0,1,15,Low
13,0,36,1,2578,58,355,21,3,1,1,30,1525.44,0,71.61111111111111,1.6111111111111112,9.86111111111111,0,1,434,Very High
13,0,37,1,4323,64,7,32,1,1,1,15,279.785,0,116.83783783783784,1.7297297297297298,0.1891891891891892,0,1,103,High
6,0,37,1,2518,56,7,30,2,1,1,25,147.33,0,68.05405405405405,1.5135135135135136,0.1891891891891892,0,1,93,Medium
14,0,37,2,3900,80,28,25,3,1,1,30,271.2,0,105.4054054054054,2.1621621621621623,0.7567567567567568,0,1,133,High
7,0,37,1,2485,37,281,15,3,1,1,30,1224.88,0,67.16216216216216,1.0,7.594594594594595,0,1,333,Very High
16,0,36,3,9240,119,140,40,3,1,1,30,934.36,0,256.6666666666667,3.3055555555555554,3.888888888888889,0,1,299,Very High
10,0,37,1,13898,167,7,41,3,1,1,30,590.6,0,375.6216216216216,4.513513513513513,0.1891891891891892,0,1,215,High
10,0,37,2,4640,81,7,22,3,1,1,30,216.84,0,125.4054054054054,2.189189189189189,0.1891891891891892,0,1,110,Medium
9,0,37,1,6043,93,7,9,3,1,1,30,273.44,0,163.32432432432432,2.5135135135135136,0.1891891891891892,0,1,109,High
12,0,37,0,2363,52,7,14,3,1,2,30,124.6,0,63.86486486486486,1.4054054054054055,0.1891891891891892,0,1,73,Medium
28,0,37,4,15265,223,50,29,3,2,1,30,819.52,0,412.56756756756755,6.027027027027027,1.3513513513513513,0,1,302,Very High
7,0,37,2,3220,25,479,5,3,1,1,30,2045.8,0,87.02702702702703,0.6756756756756757,12.945945945945946,0,1,509,Very High
12,0,36,1,15610,180,146,27,2,1,1,25,1367.55,0,433.6111111111111,5.0,4.055555555555555,0,1,353,Very High
6,0,36,2,6625,84,182,23,3,1,1,30,996.36,0,184.02777777777777,2.3333333333333335,5.055555555555555,0,1,289,Very High
5,0,36,0,1000,12,7,8,2,1,2,25,77.04,0,27.77777777777778,0.3333333333333333,0.19444444444444445,0,1,27,Low
5,0,37,0,835,12,9,5,3,1,2,30,69.88,0,22.56756756756757,0.32432432432432434,0.24324324324324326,0,1,26,Low
5,0,36,0,305,6,7,2,2,1,2,25,45.495,1,8.472222222222221,0.16666666666666666,0.19444444444444445,0,1,15,Low
6,0,36,1,7633,125,380,40,3,1,1,30,1830.32,0,212.02777777777777,3.4722222222222223,10.555555555555555,0,1,545,Very High
10,0,36,2,11590,152,7,44,4,1,1,45,311.05,0,321.94444444444446,4.222222222222222,0.19444444444444445,0,1,203,High
11,0,36,2,6843,73,104,34,2,1,1,25,779.22,0,190.08333333333334,2.0277777777777777,2.888888888888889,0,1,211,High
26,1,32,0,1080,45,12,14,3,1,2,30,93.0,1,33.75,1.40625,0.375,1,1,71,Low
24,0,35,9,10560,91,7,39,5,1,1,55,170.265,0,301.7142857142857,2.6,0.2,0,1,137,Medium
16,0,35,2,5943,96,22,21,2,1,1,25,370.755,1,169.8,2.742857142857143,0.6285714285714286,0,1,139,High
5,0,33,1,2965,20,7,11,3,1,1,30,147.4,0,89.84848484848484,0.6060606060606061,0.21212121212121213,0,1,38,Medium
12,1,34,0,3115,39,7,13,3,1,2,30,154.16,1,91.61764705882354,1.1470588235294117,0.20588235294117646,1,1,59,Medium
12,0,35,0,2393,42,30,28,4,1,2,45,135.875,1,68.37142857142857,1.2,0.8571428571428571,0,1,100,Medium
5,1,35,0,305,6,7,2,3,1,2,30,40.44,1,8.714285714285714,0.17142857142857143,0.2,1,1,15,Low
5,0,35,1,1793,23,7,3,4,1,1,45,62.9,0,51.22857142857143,0.6571428571428571,0.2,0,1,33,Low
6,0,32,2,6910,95,10,19,5,1,1,55,120.075,0,215.9375,2.96875,0.3125,0,1,124,Medium
5,0,35,0,305,6,7,2,4,1,2,45,25.275,1,8.714285714285714,0.17142857142857143,0.2,0,1,15,Low
5,0,35,1,305,6,7,2,5,1,1,55,15.165,0,8.714285714285714,0.17142857142857143,0.2,0,1,15,Low
28,0,30,4,16200,236,7,77,2,2,1,25,771.12,0,540.0,7.866666666666666,0.23333333333333334,0,1,320,High
9,0,33,4,7090,114,267,30,3,2,1,30,1356.16,0,214.84848484848484,3.4545454545454546,8.090909090909092,0,1,411,Very High
5,0,35,1,3843,80,7,25,3,1,1,30,184.92,0,109.8,2.2857142857142856,0.2,0,1,112,Medium
6,0,34,0,1790,42,34,17,3,1,2,30,209.28,0,52.64705882352941,1.2352941176470589,1.0,0,1,93,Medium
9,0,35,1,2905,51,171,20,2,1,1,25,902.52,0,83.0,1.457142857142857,4.885714285714286,0,1,242,Very High
7,0,26,2,1440,34,189,8,3,2,1,30,814.96,0,55.38461538461539,1.3076923076923077,7.269230769230769,0,1,231,Very High
7,0,25,1,1693,37,26,65,5,1,1,55,64.95,0,67.72,1.48,1.04,0,1,128,Low
14,0,26,0,825,23,7,4,3,1,2,30,61.92,0,31.73076923076923,0.8846153846153846,0.2692307692307692,0,1,34,Low
5,0,25,0,305,6,17,2,4,1,2,45,50.275,0,12.2,0.24,0.68,0,1,25,Low
13,0,24,1,1350,30,15,10,2,1,1,25,129.6,0,56.25,1.25,0.625,0,1,55,Medium
5,0,24,1,3350,59,7,20,3,1,1,30,164.36,0,139.58333333333334,2.4583333333333335,0.2916666666666667,0,1,86,Medium
5,0,17,1,1820,24,24,11,3,1,1,30,169.76,0,107.05882352941177,1.411764705882353,1.411764705882353,0,1,59,Medium
19,0,16,2,6518,139,81,39,2,2,1,25,664.065,0,407.375,8.6875,5.0625,0,1,259,High
15,0,14,1,9058,169,69,37,5,1,1,55,241.905,0,647.0,12.071428571428571,4.928571428571429,0,1,275,High
11,0,15,4,2978,43,27,16,3,1,1,30,228.84,0,198.53333333333333,2.8666666666666667,1.8,0,1,86,Medium
5,0,8,2,4515,38,211,7,3,1,1,30,1026.12,0,564.375,4.75,26.375,0,1,256,Very High
6,1,8,2,1613,17,7,4,3,1,1,30,93.2,1,201.625,2.125,0.875,1,1,28,Low
17,0,40,3,5275,87,33,34,3,1,1,30,346.48,0,131.875,2.175,0.825,0,1,154,High
9,0,41,0,1223,21,35,21,3,1,2,30,189.76,0,29.829268292682926,0.5121951219512195,0.8536585365853658,0,1,77,Medium
19,0,39,3,3358,76,387,41,3,1,1,30,1685.36,0,86.1025641025641,1.9487179487179487,9.923076923076923,0,1,504,Very High
19,0,40,3,5103,82,29,52,1,1,1,15,444.675,0,127.575,2.05,0.725,0,1,163,High
12,0,40,3,3298,74,30,50,2,1,1,25,286.74,0,82.45,1.85,0.75,0,1,154,High
20,0,40,4,4680,98,60,45,3,1,1,30,431.12,0,117.0,2.45,1.5,0,1,203,High
13,0,40,3,3265,55,313,35,4,1,1,45,865.5,0,81.625,1.375,7.825,0,1,403,Very High
22,1,39,5,10020,137,172,60,3,1,1,30,1094.28,0,256.9230769230769,3.5128205128205128,4.410256410256411,1,1,369,Very High
16,0,40,3,14678,185,28,61,3,1,1,30,706.52,0,366.95,4.625,0.7,0,1,274,High
16,0,40,4,5420,99,30,42,3,1,1,30,340.76,0,135.5,2.475,0.75,0,1,171,High
15,0,40,3,6823,111,35,29,3,1,1,30,417.36,0,170.575,2.775,0.875,0,1,175,High
18,0,40,0,3143,70,36,34,3,1,2,30,272.52,0,78.575,1.75,0.9,0,1,140,High
34,1,40,6,16045,241,82,49,3,2,1,30,979.44,0,401.125,6.025,2.05,1,1,372,Very High
13,0,40,4,4000,43,511,25,4,1,1,45,1378.575,0,100.0,1.075,12.775,0,1,579,Very High
18,0,39,3,16390,198,178,47,2,1,1,25,1547.46,0,420.2564102564103,5.076923076923077,4.564102564102564,0,1,423,Very High
12,0,39,4,7405,102,214,43,3,1,1,30,1156.28,0,189.87179487179486,2.6153846153846154,5.487179487179487,0,1,359,Very High
9,0,39,0,1780,30,28,28,2,1,2,25,207.45,0,45.64102564102564,0.7692307692307693,0.717948717948718,0,1,86,Medium
11,0,40,0,1615,30,41,25,3,1,2,30,229.8,0,40.375,0.75,1.025,0,1,96,Medium
9,1,39,0,905,16,28,17,2,1,2,25,167.445,1,23.205128205128204,0.41025641025641024,0.717948717948718,1,1,61,Medium
12,0,39,3,8413,143,412,60,3,1,1,30,1990.24,0,215.71794871794873,3.6666666666666665,10.564102564102564,0,1,615,Very High
16,0,39,4,12370,170,39,64,4,1,1,45,411.0,0,317.1794871794872,4.358974358974359,1.0,0,1,273,High
17,0,39,4,7623,91,136,54,2,2,1,25,959.13,0,195.46153846153845,2.3333333333333335,3.4871794871794872,0,1,281,Very High
32,1,35,0,1860,63,44,34,3,1,2,30,252.92,1,53.142857142857146,1.8,1.2571428571428571,1,1,141,High
30,0,38,1,11340,109,29,59,5,1,1,55,215.235,0,298.42105263157896,2.8684210526315788,0.7631578947368421,0,1,197,Medium
22,0,38,4,6723,114,54,41,3,1,1,30,489.48,0,176.92105263157896,3.0,1.4210526315789473,0,1,209,High
10,0,36,3,3745,38,28,31,3,1,1,30,263.32,0,104.02777777777777,1.0555555555555556,0.7777777777777778,0,1,97,High
18,1,37,0,3895,57,37,33,3,1,2,30,306.08,1,105.27027027027027,1.5405405405405406,1.0,1,1,127,High
18,0,38,0,3173,60,62,48,4,1,2,45,235.825,1,83.5,1.5789473684210527,1.631578947368421,0,1,170,High
9,0,38,0,1038,18,28,19,3,1,2,30,154.24,1,27.31578947368421,0.47368421052631576,0.7368421052631579,0,1,65,Medium
10,0,38,3,2573,41,28,23,4,1,1,45,135.35,0,67.71052631578948,1.0789473684210527,0.7368421052631579,0,1,92,Medium
12,0,35,4,7690,113,42,39,5,1,1,55,180.045,0,219.71428571428572,3.2285714285714286,1.2,0,1,194,Medium
9,0,38,0,1533,23,37,21,4,1,2,45,131.4,1,40.3421052631579,0.6052631578947368,0.9736842105263158,0,1,81,Medium
9,0,38,4,1243,20,32,19,5,1,1,55,66.945,0,32.71052631578947,0.5263157894736842,0.8421052631578947,0,1,71,Low
34,0,33,6,16980,254,28,97,2,2,1,25,901.53,0,514.5454545454545,7.696969696969697,0.8484848484848485,0,1,379,Very High
15,0,36,6,7870,132,299,50,3,2,1,30,1516.08,0,218.61111111111111,3.6666666666666665,8.305555555555555,0,1,481,Very High
11,0,38,3,4623,98,30,45,3,1,1,30,308.84,0,121.65789473684211,2.5789473684210527,0.7894736842105263,0,1,173,High
12,1,37,0,2570,60,66,37,4,1,2,45,230.75,1,69.45945945945945,1.6216216216216217,1.7837837837837838,1,1,163,Medium
15,0,38,3,3685,69,203,40,2,1,1,25,1082.43,0,96.97368421052632,1.8157894736842106,5.342105263157895,0,1,312,Very High
13,0,29,4,2220,52,221,28,3,2,1,30,974.88,0,76.55172413793103,1.793103448275862,7.620689655172414,0,1,301,Very High
13,0,28,3,2473,55,58,85,5,1,1,55,124.92,0,88.32142857142857,1.9642857142857142,2.0714285714285716,0,1,198,Medium
20,0,29,0,1605,41,38,24,3,1,2,30,217.84,0,55.3448275862069,1.4137931034482758,1.3103448275862069,0,1,103,Medium
9,0,28,0,1730,26,49,20,4,1,2,45,166.4,0,61.785714285714285,0.9285714285714286,1.75,0,1,95,Medium
19,0,27,3,2130,48,47,30,2,1,1,25,309.51,0,78.88888888888889,1.7777777777777777,1.7407407407407407,0,1,125,High
11,0,27,3,4130,77,36,40,3,1,1,30,312.28,0,152.96296296296296,2.8518518518518516,1.3333333333333333,0,1,153,High
11,0,20,3,2600,42,56,31,3,1,1,30,329.68,0,130.0,2.1,2.8,0,1,129,High
25,0,19,4,7298,157,113,59,2,2,1,25,843.975,0,384.10526315789474,8.263157894736842,5.947368421052632,0,1,329,Very High
21,0,17,3,9838,187,101,57,5,1,1,55,301.875,0,578.7058823529412,11.0,5.9411764705882355,0,1,345,High
17,0,18,6,3758,61,59,36,3,2,1,30,388.76,0,208.77777777777777,3.388888888888889,3.2777777777777777,0,1,156,High
11,0,11,4,5295,56,243,27,3,2,1,30,1186.04,0,481.3636363636364,5.090909090909091,22.09090909090909,0,1,326,Very High
12,1,11,4,2393,35,28,24,3,1,1,30,209.12,1,217.54545454545453,3.1818181818181817,2.5454545454545454,1,1,87,Medium
9,0,40,0,4075,67,7,4,3,1,1,30,193.68,0,101.875,1.675,0.175,0,1,78,Medium
5,0,41,0,305,6,7,2,3,1,2,30,40.44,0,7.439024390243903,0.14634146341463414,0.17073170731707318,0,1,15,Low
11,0,39,0,2158,56,345,11,3,1,1,30,1468.56,0,55.333333333333336,1.435897435897436,8.846153846153847,0,1,412,Very High
11,0,40,0,3903,62,7,22,1,1,1,15,256.575,0,97.575,1.55,0.175,0,1,91,High
5,0,40,0,2098,54,7,20,2,1,1,25,128.34,0,52.45,1.35,0.175,0,1,81,Medium
12,0,40,0,3480,78,18,15,3,1,1,30,214.32,0,87.0,1.95,0.45,0,1,111,Medium
5,0,40,0,2065,35,271,5,3,1,1,30,1168.0,0,51.625,0.875,6.775,0,1,311,Very High
14,0,39,1,8820,117,130,30,3,1,1,30,877.48,0,226.15384615384616,3.0,3.3333333333333335,0,1,277,Very High
8,0,40,0,13478,165,7,31,3,1,1,30,573.72,0,336.95,4.125,0.175,0,1,203,High
8,0,40,0,4220,79,7,12,3,1,1,30,199.96,0,105.5,1.975,0.175,0,1,98,Medium
7,0,40,1,5623,91,7,17,3,1,1,30,256.56,0,140.575,2.275,0.175,0,1,115,High
10,0,40,0,1943,50,7,4,3,1,2,30,107.72,0,48.575,1.25,0.175,0,1,61,Low
26,0,40,2,14845,221,40,19,3,1,1,30,762.64,0,371.125,5.525,1.0,0,1,280,High
5,0,40,1,2800,23,469,9,3,1,1,30,1988.92,0,70.0,0.575,11.725,0,1,501,Very High
10,0,39,0,15190,178,136,17,2,1,1,25,1303.56,0,389.4871794871795,4.564102564102564,3.4871794871794872,0,1,331,Very High
5,0,39,0,6205,82,172,13,3,1,1,30,939.48,0,159.10256410256412,2.1025641025641026,4.410256410256411,0,1,267,Very High
5,0,39,0,580,10,7,2,2,1,2,25,58.05,0,14.871794871794872,0.2564102564102564,0.1794871794871795,0,1,19,Low
5,0,40,0,415,10,7,2,3,1,2,30,45.0,0,10.375,0.25,0.175,0,1,19,Low
5,0,39,0,7213,123,370,30,3,1,1,30,1773.44,0,184.94871794871796,3.1538461538461537,9.487179487179487,0,1,523,Very High
8,0,39,0,11170,150,7,34,4,1,1,45,300.5,0,286.4102564102564,3.8461538461538463,0.1794871794871795,0,1,191,High
9,0,39,0,6423,71,94,24,2,1,1,25,715.23,0,164.69230769230768,1.8205128205128205,2.41025641025641,0,1,189,High
24,0,35,0,660,43,7,4,3,1,2,30,56.12,1,18.857142857142858,1.2285714285714286,0.2,0,1,54,Low
22,0,38,7,10140,89,7,29,5,1,1,55,163.935,0,266.8421052631579,2.3421052631578947,0.18421052631578946,0,1,125,Medium
14,0,38,0,5523,94,12,11,2,1,1,25,306.765,1,145.3421052631579,2.473684210526316,0.3157894736842105,0,1,117,High
5,0,36,1,2545,18,7,6,3,1,1,30,130.52,0,70.69444444444444,0.5,0.19444444444444445,0,1,31,Medium
10,0,37,0,2695,37,7,3,3,1,2,30,137.28,1,72.83783783783784,1.0,0.1891891891891892,0,1,47,Medium
10,0,38,0,1973,40,20,18,3,1,2,30,160.52,1,51.921052631578945,1.0526315789473684,0.5263157894736842,0,1,78,Medium
5,1,38,0,305,6,7,2,3,1,2,30,40.44,1,8.026315789473685,0.15789473684210525,0.18421052631578946,1,1,15,Low
5,0,38,1,1373,21,7,2,4,1,1,45,52.35,0,36.13157894736842,0.5526315789473685,0.18421052631578946,0,1,30,Low
5,0,35,0,6490,93,7,9,5,1,1,55,109.245,0,185.42857142857142,2.657142857142857,0.2,0,1,109,Low
5,0,38,0,305,6,7,2,4,1,2,45,25.275,1,8.026315789473685,0.15789473684210525,0.18421052631578946,0,1,15,Low
5,0,38,0,305,6,7,2,5,1,1,55,15.165,0,8.026315789473685,0.15789473684210525,0.18421052631578946,0,1,15,Low
26,0,33,2,15780,234,7,67,2,1,1,25,752.13,0,478.1818181818182,7.090909090909091,0.21212121212121213,0,1,308,High
7,0,36,2,6670,112,257,20,3,2,1,30,1299.28,0,185.27777777777777,3.111111111111111,7.138888888888889,0,1,389,Very High
5,0,38,0,3423,78,7,15,3,1,1,30,168.04,0,90.07894736842105,2.0526315789473686,0.18421052631578946,0,1,100,Medium
5,0,37,0,1370,40,24,7,3,1,2,30,152.4,0,37.027027027027025,1.0810810810810811,0.6486486486486487,0,1,71,Medium
7,0,38,0,2485,49,161,10,2,1,1,25,838.53,0,65.39473684210526,1.2894736842105263,4.2368421052631575,0,1,220,Very High
5,0,29,1,1020,32,179,2,3,2,1,30,758.08,0,35.172413793103445,1.103448275862069,6.172413793103448,0,1,213,High
5,0,28,0,1273,35,16,55,4,1,1,45,72.7,0,45.464285714285715,1.25,0.5714285714285714,0,1,106,Low
12,0,29,0,405,21,7,2,3,1,2,30,45.04,0,13.96551724137931,0.7241379310344828,0.2413793103448276,0,1,30,Low
5,0,28,0,305,6,7,2,4,1,2,45,25.275,0,10.892857142857142,0.21428571428571427,0.25,0,1,15,Low
11,0,27,1,930,28,7,2,2,1,1,25,74.61,0,34.44444444444444,1.037037037037037,0.25925925925925924,0,1,37,Low
5,0,27,0,2930,57,7,10,3,1,1,30,147.48,0,108.51851851851852,2.111111111111111,0.25925925925925924,0,1,74,Medium
5,0,20,1,1400,22,14,2,2,1,1,25,126.99,0,70.0,1.1,0.7,0,1,38,Medium
17,0,19,0,6098,137,71,29,2,2,1,25,600.075,0,320.94736842105266,7.2105263157894735,3.736842105263158,0,1,237,High
13,0,17,0,8638,167,59,27,5,1,1,55,220.575,0,508.11764705882354,9.823529411764707,3.4705882352941178,0,1,253,Medium
9,0,18,2,2558,41,17,6,3,1,1,30,171.96,0,142.11111111111111,2.2777777777777777,0.9444444444444444,0,1,64,Medium
5,0,11,1,4095,36,201,25,3,1,1,30,969.24,0,372.27272727272725,3.272727272727273,18.272727272727273,0,1,262,Very High
5,1,11,1,1193,15,7,2,3,1,1,30,76.32,1,108.45454545454545,1.3636363636363635,0.6363636363636364,1,1,24,Low
13,0,41,2,4790,83,44,23,3,1,1,30,370.92,0,116.82926829268293,2.024390243902439,1.0731707317073171,0,1,150,High
5,0,42,0,738,17,46,10,3,1,2,30,214.2,0,17.571428571428573,0.40476190476190477,1.0952380952380953,0,1,73,Medium
15,0,40,2,2873,72,398,30,3,1,1,30,1709.8,0,71.825,1.8,9.95,0,1,500,Very High
15,0,41,2,4618,78,40,41,1,1,1,15,478.28,0,112.63414634146342,1.9024390243902438,0.975609756097561,0,1,159,High
8,0,41,2,2813,70,41,39,2,1,1,25,314.235,0,68.60975609756098,1.7073170731707317,1.0,0,1,150,High
16,0,41,3,4195,94,71,34,3,1,1,30,455.56,0,102.3170731707317,2.292682926829268,1.7317073170731707,0,1,199,High
9,0,41,2,2780,51,324,24,4,1,1,45,880.775,0,67.8048780487805,1.2439024390243902,7.902439024390244,0,1,399,Very High
18,0,40,4,9535,133,183,49,3,1,1,30,1118.72,0,238.375,3.325,4.575,0,1,365,Very High
12,0,41,2,14193,181,39,50,3,1,1,30,730.96,0,346.1707317073171,4.414634146341464,0.9512195121951219,0,1,270,High
12,0,41,3,4935,95,41,31,4,1,1,45,228.25,0,120.36585365853658,2.317073170731707,1.0,0,1,167,Medium
11,0,41,2,6338,107,46,18,3,1,1,30,441.8,0,154.58536585365854,2.6097560975609757,1.1219512195121952,0,1,171,High
14,1,41,0,2658,66,47,23,4,1,2,45,185.6,0,64.82926829268293,1.6097560975609757,1.146341463414634,1,1,136,Medium
30,0,41,5,15560,237,93,38,3,1,1,30,1003.88,0,379.5121951219512,5.780487804878049,2.268292682926829,0,1,368,Very High
9,0,41,3,3515,39,522,14,4,1,1,45,1393.85,0,85.73170731707317,0.9512195121951219,12.731707317073171,0,1,575,Very High
14,0,40,2,15905,194,189,36,3,1,1,30,1399.96,0,397.625,4.85,4.725,0,1,419,Very High
8,0,40,3,6920,98,225,32,4,1,1,45,737.95,0,173.0,2.45,5.625,0,1,355,High
5,0,40,0,1295,26,39,17,3,1,2,30,208.84,0,32.375,0.65,0.975,0,1,82,Medium
7,0,41,0,1130,26,52,14,3,1,2,30,254.24,0,27.5609756097561,0.6341463414634146,1.2682926829268293,0,1,92,High
5,0,40,0,420,12,39,6,3,1,2,30,173.28,1,10.5,0.3,0.975,0,1,57,Medium
8,0,40,2,7928,139,423,49,3,1,1,30,2014.68,0,198.2,3.475,10.575,0,1,611,Very High
12,0,40,3,11885,166,50,53,4,1,1,45,426.275,0,297.125,4.15,1.25,0,1,269,High
13,0,40,3,7138,87,147,43,3,1,1,30,877.0,0,178.45,2.175,3.675,0,1,277,Very High
28,1,36,0,1375,59,55,23,3,1,2,30,277.36,1,38.19444444444444,1.6388888888888888,1.5277777777777777,1,1,137,High
26,0,39,10,10855,105,40,48,5,2,1,55,224.4,0,278.3333333333333,2.6923076923076925,1.0256410256410255,0,1,193,Medium
18,0,39,3,6238,110,65,30,3,1,1,30,513.92,0,159.94871794871796,2.8205128205128207,1.6666666666666667,0,1,205,High
6,0,37,2,3260,34,39,20,4,1,1,45,179.85,0,88.10810810810811,0.918918918918919,1.054054054054054,0,1,93,Medium
14,0,38,0,3410,53,48,22,3,1,2,30,330.52,1,89.73684210526316,1.394736842105263,1.263157894736842,0,1,123,High
14,1,39,0,2688,56,73,37,4,1,2,45,251.1,1,68.92307692307692,1.435897435897436,1.8717948717948718,1,1,166,High
5,0,39,0,553,14,39,8,3,1,2,30,178.68,1,14.179487179487179,0.358974358974359,1.0,0,1,61,Medium
6,0,39,2,2088,37,39,12,4,1,1,45,150.625,0,53.53846153846154,0.9487179487179487,1.0,0,1,88,Medium
8,0,36,3,7205,109,53,28,5,1,1,55,189.21,0,200.13888888888889,3.0277777777777777,1.4722222222222223,0,1,190,Medium
5,0,39,0,1048,19,48,10,4,1,2,45,146.675,1,26.871794871794872,0.48717948717948717,1.2307692307692308,0,1,77,Medium
5,0,39,3,758,16,43,8,5,1,1,55,76.11,0,19.435897435897434,0.41025641025641024,1.1025641025641026,0,1,67,Low
30,0,34,5,16495,250,39,86,2,2,1,25,929.025,0,485.1470588235294,7.352941176470588,1.1470588235294117,0,1,375,Very High
11,0,37,5,7385,128,310,39,3,2,1,30,1540.52,0,199.59459459459458,3.4594594594594597,8.378378378378379,0,1,477,Very High
7,0,39,2,4138,94,41,34,3,1,1,30,333.28,0,106.1025641025641,2.41025641025641,1.0512820512820513,0,1,169,High
8,0,38,0,2085,56,77,26,4,1,2,45,246.025,0,54.86842105263158,1.4736842105263157,2.026315789473684,0,1,159,High
11,0,39,2,3200,65,214,29,3,1,1,30,986.6,0,82.05128205128206,1.6666666666666667,5.487179487179487,0,1,308,Very High
9,0,30,3,1735,48,232,17,3,2,1,30,999.32,0,57.833333333333336,1.6,7.733333333333333,0,1,297,Very High
9,0,29,2,1988,51,69,74,5,1,1,55,134.085,0,68.55172413793103,1.7586206896551724,2.3793103448275863,0,1,194,Medium
16,0,30,0,1120,37,49,13,3,1,2,30,242.28,0,37.333333333333336,1.2333333333333334,1.6333333333333333,0,1,99,High
5,0,29,0,1245,22,60,9,4,1,2,45,181.675,0,42.93103448275862,0.7586206896551724,2.0689655172413794,0,1,91,Medium
15,0,28,2,1645,44,58,19,2,1,1,25,337.005,0,58.75,1.5714285714285714,2.0714285714285716,0,1,121,High
7,0,28,2,3645,73,47,29,4,1,1,45,210.45,0,130.17857142857142,2.607142857142857,1.6785714285714286,0,1,149,Medium
7,0,21,2,2115,38,67,20,3,1,1,30,354.12,0,100.71428571428571,1.8095238095238095,3.1904761904761907,0,1,125,High
21,0,20,3,6813,153,124,48,2,2,1,25,871.47,0,340.65,7.65,6.2,0,1,325,Very High
17,0,18,2,9353,183,112,46,5,1,1,55,311.04,0,519.6111111111111,10.166666666666666,6.222222222222222,0,1,341,High
13,0,19,5,3273,57,70,25,4,1,1,45,258.25,0,172.26315789473685,3.0,3.6842105263157894,0,1,152,High
7,0,12,3,4810,52,254,16,3,1,1,30,1210.48,0,400.8333333333333,4.333333333333333,21.166666666666668,0,1,322,Very High
8,1,12,3,1908,31,39,13,3,1,1,30,233.56,1,159.0,2.5833333333333335,3.25,1,1,83,High
13,0,39,0,4560,71,7,15,2,1,1,25,239.895,0,116.92307692307692,1.8205128205128205,0.1794871794871795,0,1,93,High
5,0,40,0,305,6,7,2,2,1,2,25,45.495,0,7.625,0.15,0.175,0,1,15,Low
15,0,38,0,2643,60,334,22,2,1,1,25,1624.635,0,69.55263157894737,1.5789473684210527,8.789473684210526,0,1,416,Very High
15,0,39,0,4388,66,7,33,1,1,1,15,283.47,0,112.51282051282051,1.6923076923076923,0.1794871794871795,0,1,106,High
8,0,39,0,2583,58,7,31,1,1,1,15,183.755,0,66.23076923076923,1.4871794871794872,0.1794871794871795,0,1,96,Medium
16,0,39,1,3965,82,7,26,3,1,1,30,189.88,0,101.66666666666667,2.1025641025641026,0.1794871794871795,0,1,115,Medium
9,0,39,0,2550,39,260,16,3,1,1,30,1143.56,0,65.38461538461539,1.0,6.666666666666667,0,1,315,Very High
18,0,38,2,9305,121,119,41,3,1,1,30,853.04,0,244.8684210526316,3.1842105263157894,3.1315789473684212,0,1,281,Very High
12,0,39,0,13963,169,7,42,3,1,1,30,593.28,0,358.02564102564105,4.333333333333333,0.1794871794871795,0,1,218,High
12,0,39,1,4705,83,7,23,3,1,1,30,219.52,0,120.64102564102564,2.128205128205128,0.1794871794871795,0,1,113,Medium
11,0,39,0,6108,95,7,10,2,1,1,25,310.635,0,156.6153846153846,2.4358974358974357,0.1794871794871795,0,1,112,High
14,1,39,0,2428,54,7,15,3,1,2,30,127.28,0,62.256410256410255,1.3846153846153846,0.1794871794871795,1,1,76,Medium
30,0,39,3,15330,225,29,30,3,1,1,30,738.2,0,393.0769230769231,5.769230769230769,0.7435897435897436,0,1,284,High
9,0,39,1,3285,27,458,6,3,1,1,30,1964.48,0,84.23076923076923,0.6923076923076923,11.743589743589743,0,1,491,Very High
14,0,38,0,15675,182,125,28,2,1,1,25,1276.065,0,412.5,4.7894736842105265,3.289473684210526,0,1,335,Very High
8,0,38,1,6690,86,161,24,3,1,1,30,915.04,0,176.05263157894737,2.263157894736842,4.2368421052631575,0,1,271,Very High
5,0,38,0,1065,14,7,9,2,1,2,25,80.055,0,28.026315789473685,0.3684210526315789,0.18421052631578946,0,1,30,Low
7,0,39,0,900,14,7,6,2,1,2,25,72.63,0,23.076923076923077,0.358974358974359,0.1794871794871795,0,1,27,Low
5,0,38,0,305,6,7,2,2,1,2,25,45.495,1,8.026315789473685,0.15789473684210525,0.18421052631578946,0,1,15,Low
8,0,38,0,7698,127,359,41,2,1,1,25,1967.625,0,202.57894736842104,3.3421052631578947,9.447368421052632,0,1,527,Very High
12,0,38,1,11655,154,7,45,3,1,1,30,500.36,0,306.7105263157895,4.052631578947368,0.18421052631578946,0,1,206,High
13,0,38,1,6908,75,83,35,2,1,1,25,687.735,0,181.78947368421052,1.9736842105263157,2.1842105263157894,0,1,193,High
28,1,34,0,1145,47,7,15,2,1,2,25,85.14,1,33.6764705882353,1.3823529411764706,0.20588235294117646,1,1,69,Low
26,0,37,8,10625,93,7,40,4,1,1,45,285.45,0,287.1621621621622,2.5135135135135136,0.1891891891891892,0,1,140,High
18,0,37,1,6008,98,7,22,2,1,1,25,306.27,1,162.3783783783784,2.6486486486486487,0.1891891891891892,0,1,127,High
6,0,35,0,3030,22,7,12,3,1,1,30,150.08,0,86.57142857142857,0.6285714285714286,0.2,0,1,41,Medium
14,0,36,0,3180,41,7,14,3,1,2,30,156.84,1,88.33333333333333,1.1388888888888888,0.19444444444444445,0,1,62,Medium
14,0,37,0,2458,44,9,29,3,1,2,30,136.08,1,66.43243243243244,1.1891891891891893,0.24324324324324326,0,1,82,Medium
5,1,37,0,305,6,7,2,3,1,2,30,40.44,1,8.243243243243244,0.16216216216216217,0.1891891891891892,1,1,15,Low
6,0,37,0,1858,25,7,4,3,1,1,30,103.32,0,50.21621621621622,0.6756756756756757,0.1891891891891892,0,1,36,Low
8,0,34,1,6975,97,7,20,4,1,1,45,194.3,0,205.14705882352942,2.8529411764705883,0.20588235294117646,0,1,124,Medium
5,0,37,0,818,7,7,2,4,1,2,45,38.125,1,22.10810810810811,0.1891891891891892,0.1891891891891892,0,1,16,Low
5,0,37,1,305,6,7,2,5,1,1,55,15.165,0,8.243243243243244,0.16216216216216217,0.1891891891891892,0,1,15,Low
30,0,32,3,16265,238,7,78,2,1,1,25,774.135,0,508.28125,7.4375,0.21875,0,1,323,High
11,0,35,3,7155,116,246,31,2,2,1,25,1434.195,0,204.42857142857142,3.3142857142857145,7.0285714285714285,0,1,393,Very High
7,0,37,0,3908,82,7,26,2,1,1,25,211.05,0,105.62162162162163,2.2162162162162162,0.1891891891891892,0,1,115,Medium
8,0,36,0,1855,44,13,18,3,1,2,30,127.96,0,51.52777777777778,1.2222222222222223,0.3611111111111111,0,1,75,Medium
11,0,37,0,2970,53,150,21,2,1,1,25,811.035,0,80.27027027027027,1.4324324324324325,4.054054054054054,0,1,224,Very High
9,0,28,1,1505,36,168,9,2,2,1,25,825.345,0,53.75,1.2857142857142858,6.0,0,1,213,Very High
9,0,27,0,1758,39,7,66,4,1,1,45,62.425,0,65.11111111111111,1.4444444444444444,0.25925925925925924,0,1,112,Low
16,0,28,0,890,25,7,5,2,1,2,25,72.675,0,31.785714285714285,0.8928571428571429,0.25,0,1,37,Low
5,0,27,0,1015,10,7,2,4,1,2,45,43.125,0,37.592592592592595,0.37037037037037035,0.25925925925925924,0,1,19,Low
15,0,26,0,1415,32,7,11,2,1,1,25,96.615,0,54.42307692307692,1.2307692307692308,0.2692307692307692,0,1,50,Low
7,0,26,0,3415,61,7,21,3,1,1,30,167.04,0,131.34615384615384,2.3461538461538463,0.2692307692307692,0,1,89,Medium
7,0,19,0,1885,26,7,12,2,1,1,25,117.495,0,99.21052631578948,1.368421052631579,0.3684210526315789,0,1,45,Low
21,0,18,1,6583,141,60,40,1,2,1,15,699.82,0,365.72222222222223,7.833333333333333,3.3333333333333335,0,1,241,High
17,0,16,0,9123,171,48,38,4,1,1,45,352.35,0,570.1875,10.6875,3.0,0,1,257,High
13,0,17,3,3043,45,7,17,3,1,1,30,151.52,0,179.0,2.6470588235294117,0.4117647058823529,0,1,69,Medium
7,0,10,1,4580,40,190,8,3,1,1,30,944.8,0,458.0,4.0,19.0,0,1,238,Very High
8,0,10,1,1678,19,7,5,3,1,1,30,95.88,1,167.8,1.9,0.7,0,1,31,Low
15,0,40,1,4865,78,21,22,3,1,1,30,281.72,0,121.625,1.95,0.525,0,1,121,High
7,0,41,0,813,12,23,9,3,1,2,30,125.0,0,19.829268292682926,0.2926829268292683,0.5609756097560976,0,1,44,Medium
17,0,39,1,2948,67,375,29,3,1,1,30,1620.6,0,75.58974358974359,1.7179487179487178,9.615384615384615,0,1,471,Very High
17,0,40,1,4693,73,17,40,1,1,1,15,355.63,0,117.325,1.825,0.425,0,1,130,High
10,0,40,1,2888,65,18,38,2,1,1,25,213.885,0,72.2,1.625,0.45,0,1,121,Medium
18,0,40,2,4270,89,48,33,3,1,1,30,366.36,0,106.75,2.225,1.2,0,1,170,High
11,0,40,1,2855,46,301,23,3,1,1,30,1320.04,0,71.375,1.15,7.525,0,1,370,Very High
20,0,39,3,9610,128,160,48,3,1,1,30,1029.52,0,246.4102564102564,3.282051282051282,4.102564102564102,0,1,336,Very High
14,0,40,1,14268,176,16,49,3,1,1,30,641.76,0,356.7,4.4,0.4,0,1,241,High
14,0,40,2,5010,90,18,30,3,1,1,30,276.0,0,125.25,2.25,0.45,0,1,138,High
13,0,40,1,6413,102,23,17,3,1,1,30,352.6,0,160.325,2.55,0.575,0,1,142,High
16,0,40,0,2733,61,24,22,3,1,2,30,207.76,0,68.325,1.525,0.6,0,1,107,Medium
32,1,40,4,15635,232,70,37,3,1,1,30,914.68,0,390.875,5.8,1.75,1,1,339,Very High
11,0,40,2,3590,34,499,13,3,1,1,30,2140.96,0,89.75,0.85,12.475,0,1,546,Very High
16,0,39,1,15980,189,166,35,2,1,1,25,1474.605,0,409.7435897435897,4.846153846153846,4.256410256410256,0,1,390,Very High
10,0,39,2,6995,93,202,31,3,1,1,30,1091.52,0,179.35897435897436,2.3846153846153846,5.17948717948718,0,1,326,Very High
7,0,39,0,1370,21,16,16,2,1,2,25,134.595,0,35.12820512820513,0.5384615384615384,0.41025641025641024,0,1,53,Medium
9,0,40,0,1205,21,29,13,3,1,2,30,165.04,0,30.125,0.525,0.725,0,1,63,Medium
7,0,39,0,495,7,16,5,2,1,2,25,94.59,1,12.692307692307692,0.1794871794871795,0.41025641025641024,0,1,28,Low
10,0,39,1,8003,134,400,48,3,1,1,30,1925.48,0,205.2051282051282,3.4358974358974357,10.256410256410257,0,1,582,Very High
14,0,39,2,11960,161,27,52,4,1,1,45,370.525,0,306.6666666666667,4.128205128205129,0.6923076923076923,0,1,240,High
15,0,39,2,7213,82,124,42,2,1,1,25,886.275,0,184.94871794871796,2.1025641025641026,3.1794871794871793,0,1,248,Very High
30,1,35,0,1450,54,32,22,3,1,2,30,188.16,1,41.42857142857143,1.542857142857143,0.9142857142857143,1,1,108,Medium
28,0,38,9,10930,100,17,47,5,1,1,55,190.95,0,287.63157894736844,2.6315789473684212,0.4473684210526316,0,1,164,Medium
20,0,38,2,6313,105,42,29,2,1,1,25,477.81,0,166.1315789473684,2.763157894736842,1.105263157894737,0,1,176,High
8,0,36,1,3335,29,16,19,3,1,1,30,198.56,0,92.63888888888889,0.8055555555555556,0.4444444444444444,0,1,64,Medium
16,1,37,0,3485,48,25,21,3,1,2,30,241.32,1,94.1891891891892,1.2972972972972974,0.6756756756756757,1,1,94,High
16,1,38,0,2763,51,50,36,4,1,2,45,195.35,1,72.71052631578948,1.3421052631578947,1.3157894736842106,1,1,137,Medium
7,0,38,0,628,9,16,7,3,1,2,30,89.48,1,16.526315789473685,0.23684210526315788,0.42105263157894735,0,1,32,Low
8,0,38,1,2163,32,16,11,4,1,1,45,94.875,0,56.921052631578945,0.8421052631578947,0.42105263157894735,0,1,59,Low
10,0,35,2,7280,104,30,27,5,1,1,55,155.76,0,208.0,2.9714285714285715,0.8571428571428571,0,1,161,Medium
7,0,38,0,1123,14,25,9,4,1,2,45,90.925,1,29.55263157894737,0.3684210526315789,0.6578947368421053,0,1,48,Low
7,0,38,2,833,11,20,7,5,1,1,55,42.66,0,21.92105263157895,0.2894736842105263,0.5263157894736842,0,1,38,Low
32,0,33,4,16570,245,16,85,2,2,1,25,828.675,0,502.1212121212121,7.424242424242424,0.48484848484848486,0,1,346,Very High
13,0,36,4,7460,123,287,38,3,2,1,30,1451.32,0,207.22222222222223,3.4166666666666665,7.972222222222222,0,1,448,Very High
9,0,38,1,4213,89,18,33,3,1,1,30,244.08,0,110.86842105263158,2.3421052631578947,0.47368421052631576,0,1,140,High
10,0,37,0,2160,51,54,25,3,1,2,30,304.44,0,58.37837837837838,1.3783783783783783,1.4594594594594594,0,1,130,High
13,0,38,1,3275,60,191,28,2,1,1,25,1009.575,0,86.1842105263158,1.5789473684210527,5.026315789473684,0,1,279,Very High
11,0,29,2,1810,43,209,16,3,2,1,30,910.12,0,62.41379310344828,1.4827586206896552,7.206896551724138,0,1,268,Very High
11,0,28,1,2063,46,46,73,5,1,1,55,100.635,0,73.67857142857143,1.6428571428571428,1.6428571428571428,0,1,165,Low
18,0,29,0,1195,32,26,12,3,1,2,30,153.08,0,41.206896551724135,1.103448275862069,0.896551724137931,0,1,70,Medium
7,0,28,0,1320,17,37,8,4,1,2,45,125.925,0,47.142857142857146,0.6071428571428571,1.3214285714285714,0,1,62,Medium
17,0,27,1,1720,39,35,18,2,1,1,25,236.655,0,63.7037037037037,1.4444444444444444,1.2962962962962963,0,1,92,High
9,0,27,1,3720,68,24,28,3,1,1,30,247.52,0,137.77777777777777,2.5185185185185186,0.8888888888888888,0,1,120,High
9,0,20,1,2190,33,44,19,3,1,1,30,264.92,0,109.5,1.65,2.2,0,1,96,High
23,0,19,2,6887,148,101,47,2,2,1,25,771.075,0,362.4736842105263,7.7894736842105265,5.315789473684211,0,1,296,High
19,0,17,1,9427,178,89,45,5,1,1,55,277.575,0,554.5294117647059,10.470588235294118,5.235294117647059,0,1,312,High
15,0,18,4,3347,52,47,24,3,1,1,30,323.96,0,185.94444444444446,2.888888888888889,2.611111111111111,0,1,123,High
9,0,11,2,4885,47,231,15,3,1,1,30,1121.28,0,444.09090909090907,4.2727272727272725,21.0,0,1,293,Very High
10,1,11,2,1982,26,16,12,3,1,1,30,144.32,1,180.1818181818182,2.3636363636363638,1.4545454545454546,1,1,54,Medium
11,0,40,1,4485,76,3,16,3,1,1,30,194.44,0,112.125,1.9,0.075,0,1,95,Medium
3,0,41,0,433,10,5,3,3,1,2,30,37.72,0,10.560975609756097,0.24390243902439024,0.12195121951219512,0,1,18,Low
13,0,39,1,2568,65,357,23,3,1,1,30,1533.32,0,65.84615384615384,1.6666666666666667,9.153846153846153,0,1,445,Very High
13,0,40,1,4313,71,0,34,1,1,1,15,241.12,0,107.825,1.775,0.0,0,1,105,High
6,0,40,1,2508,63,0,32,2,1,1,25,115.695,0,62.7,1.575,0.0,0,1,95,Low
14,0,40,2,3890,87,30,27,3,1,1,30,279.08,0,97.25,2.175,0.75,0,1,144,High
7,0,40,1,2475,44,283,17,3,1,1,30,1232.76,0,61.875,1.1,7.075,0,1,344,Very High
16,0,39,3,9230,126,142,42,3,1,1,30,942.24,0,236.66666666666666,3.230769230769231,3.641025641025641,0,1,310,Very High
10,0,40,1,13888,174,0,43,3,1,1,30,562.48,0,347.2,4.35,0.0,0,1,217,High
10,0,40,2,4630,88,0,24,3,1,1,30,188.72,0,115.75,2.2,0.0,0,1,112,Medium
9,0,40,1,6033,100,5,11,3,1,1,30,265.32,0,150.825,2.5,0.125,0,1,116,High
12,1,40,0,2353,59,6,16,3,1,2,30,120.48,0,58.825,1.475,0.15,1,1,81,Medium
28,0,40,4,15255,230,52,31,3,1,1,30,827.4,0,381.375,5.75,1.3,0,1,313,Very High
7,0,40,2,3210,32,481,7,3,1,1,30,2053.68,0,80.25,0.8,12.025,0,1,520,Very High
12,0,39,1,15600,187,148,29,2,1,1,25,1376.415,0,400.0,4.794871794871795,3.7948717948717947,0,1,364,Very High
6,0,39,2,6615,91,184,25,3,1,1,30,1004.24,0,169.6153846153846,2.3333333333333335,4.717948717948718,0,1,300,Very High
3,0,39,0,990,19,0,10,2,1,2,25,45.405,0,25.384615384615383,0.48717948717948717,0.0,0,1,29,Low
5,0,40,0,825,19,11,7,3,1,2,30,77.76,0,20.625,0.475,0.275,0,1,37,Low
0,0,39,0,0,0,0,0,2,1,2,25,0.0,1,0.0,0.0,0.0,0,0,0,Low
6,0,39,1,7623,132,382,42,3,1,1,30,1838.2,0,195.46153846153845,3.3846153846153846,9.794871794871796,0,1,556,Very High
10,0,39,2,11580,159,9,46,4,1,1,45,315.975,0,296.9230769230769,4.076923076923077,0.23076923076923078,0,1,214,High
11,0,39,2,6833,80,106,36,2,1,1,25,788.085,0,175.2051282051282,2.051282051282051,2.717948717948718,0,1,222,High
26,1,35,0,1070,52,14,16,3,1,2,30,100.88,1,30.571428571428573,1.4857142857142858,0.4,1,1,82,Low
24,0,38,9,10550,98,0,41,5,1,1,55,159.72,0,277.63157894736844,2.5789473684210527,0.0,0,1,139,Medium
16,0,38,2,5933,103,24,23,2,1,1,25,379.62,0,156.1315789473684,2.710526315789474,0.631578947368421,0,1,150,High
4,0,36,1,2955,27,0,13,3,1,1,30,119.28,0,82.08333333333333,0.75,0.0,0,1,40,Medium
12,0,37,0,3105,46,7,15,3,1,2,30,154.04,1,83.91891891891892,1.2432432432432432,0.1891891891891892,0,1,68,Medium
12,0,38,0,2383,49,32,30,4,1,2,45,140.8,1,62.71052631578947,1.2894736842105263,0.8421052631578947,0,1,111,Medium
3,0,38,0,248,7,0,1,3,1,2,30,10.2,1,6.526315789473684,0.18421052631578946,0.0,0,1,8,Low
4,0,38,1,1783,30,0,5,4,1,1,45,45.325,0,46.921052631578945,0.7894736842105263,0.0,0,1,35,Low
6,0,35,2,6900,102,12,21,5,1,1,55,123.03,0,197.14285714285714,2.914285714285714,0.34285714285714286,0,1,135,Medium
3,0,38,0,743,12,7,3,4,1,2,45,36.375,1,19.55263157894737,0.3157894736842105,0.18421052631578946,0,1,22,Low
3,0,38,2,453,9,2,1,5,1,1,55,9.93,0,11.921052631578947,0.23684210526315788,0.05263157894736842,0,1,12,Low
28,0,33,4,16190,243,0,79,2,2,1,25,739.485,0,490.6060606060606,7.363636363636363,0.0,0,1,322,High
9,0,36,4,7080,121,269,32,3,2,1,30,1364.04,0,196.66666666666666,3.361111111111111,7.472222222222222,0,1,422,Very High
5,0,38,1,3833,87,0,27,3,1,1,30,156.8,0,100.86842105263158,2.289473684210526,0.0,0,1,114,Medium
6,0,37,0,1780,49,36,19,3,1,2,30,217.16,0,48.108108108108105,1.3243243243243243,0.972972972972973,0,1,104,Medium
9,0,38,1,2895,58,173,22,2,1,1,25,911.385,0,76.1842105263158,1.5263157894736843,4.552631578947368,0,1,253,Very High
7,0,29,2,1430,41,191,10,3,2,1,30,822.84,0,49.310344827586206,1.4137931034482758,6.586206896551724,0,1,242,Very High
7,0,28,1,1683,44,28,67,5,1,1,55,67.905,0,60.107142857142854,1.5714285714285714,1.0,0,1,139,Low
14,0,29,0,815,30,8,6,3,1,2,30,65.8,0,28.103448275862068,1.0344827586206897,0.27586206896551724,0,1,44,Low
3,0,28,0,940,15,19,2,4,1,2,45,71.375,0,33.57142857142857,0.5357142857142857,0.6785714285714286,0,1,36,Low
13,0,27,1,1340,37,17,12,2,1,1,25,138.465,0,49.629629629629626,1.3703703703703705,0.6296296296296297,0,1,66,Medium
5,0,27,1,3340,66,6,22,3,1,1,30,160.24,0,123.70370370370371,2.4444444444444446,0.2222222222222222,0,1,94,Medium
5,0,20,1,1810,31,26,13,3,1,1,30,177.64,0,90.5,1.55,1.3,0,1,70,Medium
19,0,19,2,6507,146,83,41,2,2,1,25,672.885,0,342.4736842105263,7.684210526315789,4.368421052631579,0,1,270,High
15,0,17,1,9047,176,71,39,5,1,1,55,244.845,0,532.1764705882352,10.352941176470589,4.176470588235294,0,1,286,High
11,0,18,4,2967,50,29,18,3,1,1,30,236.68,0,164.83333333333334,2.7777777777777777,1.6111111111111112,0,1,97,High
5,0,11,2,4505,45,213,9,3,1,1,30,1034.0,0,409.54545454545456,4.090909090909091,19.363636363636363,0,1,267,Very High
6,1,11,2,1602,24,0,6,3,1,1,30,65.04,1,145.63636363636363,2.1818181818181817,0.0,1,1,30,Low
11,0,35,0,4675,71,4,18,2,1,1,25,231.57,0,133.57142857142858,2.0285714285714285,0.11428571428571428,0,1,93,Medium
3,0,36,0,623,5,6,5,2,1,2,25,55.26,0,17.305555555555557,0.1388888888888889,0.16666666666666666,0,1,16,Low
13,0,34,0,2758,60,358,25,2,1,1,25,1737.81,0,81.11764705882354,1.7647058823529411,10.529411764705882,0,1,443,Very High
13,0,35,0,4503,66,0,36,1,1,1,15,251.295,0,128.65714285714284,1.8857142857142857,0.0,0,1,102,High
6,0,35,0,2698,58,1,34,1,1,1,15,157.08,0,77.08571428571429,1.6571428571428573,0.02857142857142857,0,1,93,Medium
14,0,35,1,4080,82,31,29,3,1,1,30,290.48,0,116.57142857142857,2.342857142857143,0.8857142857142857,0,1,142,High
7,0,35,0,2665,39,284,19,3,1,1,30,1244.16,0,76.14285714285714,1.1142857142857143,8.114285714285714,0,1,342,Very High
16,0,34,2,9420,121,143,44,3,1,1,30,953.64,0,277.05882352941177,3.5588235294117645,4.205882352941177,0,1,308,Very High
10,0,35,0,14078,169,0,45,3,1,1,30,569.88,0,402.22857142857146,4.828571428571428,0.0,0,1,214,High
10,0,35,1,4820,83,1,26,3,1,1,30,200.12,0,137.71428571428572,2.3714285714285714,0.02857142857142857,0,1,110,Medium
9,0,35,0,6223,95,6,13,2,1,1,25,311.31,0,177.8,2.7142857142857144,0.17142857142857143,0,1,114,High
12,0,35,0,2543,54,7,18,3,1,2,30,131.88,0,72.65714285714286,1.542857142857143,0.2,0,1,79,Medium
28,0,35,3,15445,225,53,33,3,1,1,30,838.8,0,441.2857142857143,6.428571428571429,1.5142857142857142,0,1,311,Very High
7,0,35,1,3400,27,482,9,3,1,1,30,2065.08,0,97.14285714285714,0.7714285714285715,13.771428571428572,0,1,518,Very High
12,0,34,0,15790,182,149,31,2,1,1,25,1389.24,0,464.4117647058824,5.352941176470588,4.382352941176471,0,1,362,Very High
6,0,34,1,6805,86,185,27,3,1,1,30,1015.64,0,200.14705882352942,2.5294117647058822,5.4411764705882355,0,1,298,Very High
3,0,34,0,1180,14,0,12,2,1,2,25,53.73,0,34.705882352941174,0.4117647058823529,0.0,0,1,26,Low
5,0,35,0,1015,14,12,9,2,1,2,25,100.305,0,29.0,0.4,0.34285714285714286,0,1,35,Low
6,0,34,0,7813,127,383,44,2,1,1,25,2080.8,0,229.7941176470588,3.735294117647059,11.264705882352942,0,1,554,Very High
10,0,34,1,11770,154,10,48,3,1,1,30,516.96,0,346.1764705882353,4.529411764705882,0.29411764705882354,0,1,212,High
11,0,34,1,7023,75,107,38,2,1,1,25,800.91,0,206.55882352941177,2.2058823529411766,3.1470588235294117,0,1,220,Very High
26,1,30,0,1260,47,15,18,2,1,2,25,126.315,1,42.0,1.5666666666666667,0.5,1,1,80,Medium
24,0,33,8,10740,93,0,43,4,1,1,45,270.825,0,325.45454545454544,2.8181818181818183,0.0,0,1,136,High
16,0,33,1,6123,98,25,25,2,1,1,25,392.445,1,185.54545454545453,2.9696969696969697,0.7575757575757576,0,1,148,High
4,0,31,0,3145,22,0,15,3,1,1,30,126.68,0,101.45161290322581,0.7096774193548387,0.0,0,1,37,Medium
12,1,32,0,3295,41,8,17,3,1,2,30,165.44,1,102.96875,1.28125,0.25,1,1,66,Medium
12,0,33,0,2573,44,33,32,3,1,2,30,236.68,1,77.96969696969697,1.3333333333333333,1.0,0,1,109,High
3,0,33,0,438,2,0,3,3,1,2,30,17.6,1,13.272727272727273,0.06060606060606061,0.0,0,1,5,Low
4,0,33,0,1973,25,0,7,3,1,1,30,79.92,0,59.78787878787879,0.7575757575757576,0.0,0,1,32,Low
6,0,30,1,7090,97,13,23,4,1,1,45,212.175,0,236.33333333333334,3.2333333333333334,0.43333333333333335,0,1,133,Medium
3,0,33,0,933,7,8,5,4,1,2,45,43.5,1,28.272727272727273,0.21212121212121213,0.24242424242424243,0,1,20,Low
3,0,33,1,643,4,3,3,5,1,1,55,14.205,0,19.484848484848484,0.12121212121212122,0.09090909090909091,0,1,10,Low
28,0,28,3,16380,238,0,81,2,1,1,25,747.81,0,585.0,8.5,0.0,0,1,319,High
9,0,31,3,7270,116,270,34,2,2,1,25,1547.37,0,234.51612903225808,3.7419354838709675,8.709677419354838,0,1,420,Very High
5,0,33,0,4023,82,1,29,2,1,1,25,189.225,0,121.9090909090909,2.484848484848485,0.030303030303030304,0,1,112,Medium
6,0,32,0,1970,44,37,21,3,1,2,30,228.56,0,61.5625,1.375,1.15625,0,1,102,Medium
9,0,33,0,3085,53,174,24,2,1,1,25,924.21,0,93.48484848484848,1.606060606060606,5.2727272727272725,0,1,251,Very High
7,0,24,1,1620,36,192,12,2,2,1,25,938.52,0,67.5,1.5,8.0,0,1,240,Very High
7,0,23,0,1873,39,29,69,4,1,1,45,120.3,0,81.43478260869566,1.6956521739130435,1.2608695652173914,0,1,137,Medium
14,0,24,0,1005,25,9,8,2,1,2,25,86.85,0,41.875,1.0416666666666667,0.375,0,1,42,Low
3,0,23,0,1130,10,20,4,4,1,2,45,78.5,0,49.130434782608695,0.43478260869565216,0.8695652173913043,0,1,34,Low
13,0,22,0,1530,32,18,14,2,1,1,25,151.29,0,69.54545454545455,1.4545454545454546,0.8181818181818182,0,1,64,Medium
5,0,22,0,3530,61,7,24,3,1,1,30,171.64,0,160.45454545454547,2.772727272727273,0.3181818181818182,0,1,92,Medium
5,0,15,0,2000,26,27,15,2,1,1,25,212.67,0,133.33333333333334,1.7333333333333334,1.8,0,1,68,Medium
19,0,14,1,6697,141,84,43,1,2,1,15,838.09,0,478.35714285714283,10.071428571428571,6.0,0,1,268,Very High
15,0,12,0,9237,171,72,41,4,1,1,45,415.2,0,769.75,14.25,6.0,0,1,284,High
11,0,13,3,3157,45,30,20,3,1,1,30,248.08,0,242.84615384615384,3.4615384615384617,2.3076923076923075,0,1,95,High
5,0,6,1,4695,40,214,11,3,1,1,30,1045.4,0,782.5,6.666666666666667,35.666666666666664,0,1,265,Very High
6,0,6,1,1792,19,0,8,3,1,1,30,72.44,1,298.6666666666667,3.1666666666666665,0.0,0,1,27,Low
15,0,45,2,4675,83,20,20,3,1,1,30,270.32,0,103.88888888888889,1.8444444444444446,0.4444444444444444,0,1,123,High
7,0,46,0,623,17,22,7,3,1,2,30,113.6,0,13.543478260869565,0.3695652173913043,0.4782608695652174,0,1,46,Low
17,0,44,2,2758,72,374,27,3,1,1,30,1609.2,0,62.68181818181818,1.6363636363636365,8.5,0,1,473,Very High
17,0,45,2,4503,78,16,38,1,1,1,15,339.955,0,100.06666666666666,1.7333333333333334,0.35555555555555557,0,1,132,High
10,0,45,2,2698,70,17,36,2,1,1,25,201.06,0,59.955555555555556,1.5555555555555556,0.37777777777777777,0,1,123,Medium
18,0,45,3,4080,94,47,31,3,1,1,30,354.96,0,90.66666666666667,2.088888888888889,1.0444444444444445,0,1,172,High
11,0,45,2,2665,51,300,21,4,1,1,45,817.9,0,59.22222222222222,1.1333333333333333,6.666666666666667,0,1,372,Very High
20,0,44,4,9420,133,159,46,3,1,1,30,1018.12,0,214.0909090909091,3.022727272727273,3.6136363636363638,0,1,338,Very High
14,0,45,2,14078,181,15,47,3,1,1,30,630.36,0,312.84444444444443,4.022222222222222,0.3333333333333333,0,1,243,High
14,0,45,3,4820,95,17,28,4,1,1,45,165.375,0,107.11111111111111,2.111111111111111,0.37777777777777777,0,1,140,Medium
13,0,45,2,6223,107,22,15,3,1,1,30,341.2,0,138.2888888888889,2.3777777777777778,0.4888888888888889,0,1,144,High
16,0,45,0,2543,66,23,20,4,1,2,45,122.725,0,56.51111111111111,1.4666666666666666,0.5111111111111111,0,1,109,Medium
32,0,45,5,15445,237,69,35,3,2,1,30,903.28,0,343.22222222222223,5.266666666666667,1.5333333333333334,0,1,341,Very High
11,0,45,3,3400,39,498,11,4,1,1,45,1330.975,0,75.55555555555556,0.8666666666666667,11.066666666666666,0,1,548,Very High
16,0,44,2,15790,194,165,33,3,1,1,30,1299.36,0,358.8636363636364,4.409090909090909,3.75,0,1,392,Very High
10,0,44,3,6805,98,201,29,4,1,1,45,675.075,0,154.6590909090909,2.227272727272727,4.568181818181818,0,1,328,High
7,0,44,0,1180,26,15,14,3,1,2,30,108.24,0,26.818181818181817,0.5909090909090909,0.3409090909090909,0,1,55,Low
9,0,45,0,1015,26,28,11,3,1,2,30,153.64,0,22.555555555555557,0.5777777777777777,0.6222222222222222,0,1,65,Medium
7,0,44,0,305,12,15,3,3,1,2,30,72.68,1,6.931818181818182,0.2727272727272727,0.3409090909090909,0,1,30,Low
10,0,44,2,7813,139,399,46,3,1,1,30,1914.08,0,177.5681818181818,3.159090909090909,9.068181818181818,0,1,584,Very High
14,0,44,3,11770,166,26,50,4,1,1,45,363.4,0,267.5,3.772727272727273,0.5909090909090909,0,1,242,High
15,0,44,3,7023,87,123,40,3,1,1,30,776.4,0,159.61363636363637,1.9772727272727273,2.7954545454545454,0,1,250,High
30,1,40,0,1260,59,31,20,3,1,2,30,176.76,1,31.5,1.475,0.775,1,1,110,Medium
28,0,43,10,10740,105,16,45,5,2,1,55,186.675,0,249.7674418604651,2.441860465116279,0.37209302325581395,0,1,166,Medium
20,0,43,3,6123,110,41,27,3,1,1,30,413.32,0,142.3953488372093,2.558139534883721,0.9534883720930233,0,1,178,High
8,0,41,2,3145,34,15,17,4,1,1,45,116.975,0,76.70731707317073,0.8292682926829268,0.36585365853658536,0,1,66,Low
16,1,42,0,3295,53,24,19,3,1,2,30,229.92,1,78.45238095238095,1.2619047619047619,0.5714285714285714,1,1,96,Medium
16,1,43,0,2573,56,49,34,4,1,2,45,188.225,1,59.83720930232558,1.302325581395349,1.1395348837209303,1,1,139,Medium
7,0,43,0,438,14,15,5,3,1,2,30,78.08,1,10.186046511627907,0.32558139534883723,0.3488372093023256,0,1,34,Low
8,0,43,2,1973,37,15,9,4,1,1,45,87.75,0,45.883720930232556,0.8604651162790697,0.3488372093023256,0,1,61,Low
10,0,40,3,7090,109,29,25,5,1,1,55,151.485,0,177.25,2.725,0.725,0,1,163,Medium
7,0,43,0,933,19,24,7,4,1,2,45,83.8,1,21.697674418604652,0.4418604651162791,0.5581395348837209,0,1,50,Low
7,0,43,3,643,16,19,5,5,1,1,55,38.385,0,14.953488372093023,0.37209302325581395,0.4418604651162791,0,1,40,Low
32,0,38,5,16380,250,15,83,2,2,1,25,815.85,0,431.05263157894734,6.578947368421052,0.39473684210526316,0,1,348,Very High
13,0,41,5,7270,128,286,36,3,2,1,30,1439.92,0,177.3170731707317,3.1219512195121952,6.975609756097561,0,1,450,Very High
9,0,43,2,4023,94,17,31,3,1,1,30,232.68,0,93.55813953488372,2.186046511627907,0.3953488372093023,0,1,142,High
10,0,42,0,1970,56,53,23,4,1,2,45,183.15,0,46.904761904761905,1.3333333333333333,1.2619047619047619,0,1,132,Medium
13,0,43,2,3085,65,190,26,3,1,1,30,886.0,0,71.74418604651163,1.5116279069767442,4.4186046511627906,0,1,281,Very High
11,0,34,3,1620,48,208,14,3,2,1,30,898.72,0,47.64705882352941,1.411764705882353,6.117647058823529,0,1,270,Very High
11,0,33,2,1873,51,45,71,5,1,1,55,96.36,0,56.75757575757576,1.5454545454545454,1.3636363636363635,0,1,167,Low
18,0,34,0,1005,37,25,10,3,1,2,30,141.68,0,29.558823529411764,1.088235294117647,0.7352941176470589,0,1,72,Medium
7,0,33,0,1130,22,36,6,4,1,2,45,118.8,0,34.24242424242424,0.6666666666666666,1.0909090909090908,0,1,64,Medium
17,0,32,2,1530,44,34,16,2,1,1,25,223.83,0,47.8125,1.375,1.0625,0,1,94,Medium
9,0,32,2,3530,73,23,26,4,1,1,45,147.575,0,110.3125,2.28125,0.71875,0,1,122,Medium
9,0,25,2,2000,38,43,17,3,1,1,30,253.52,0,80.0,1.52,1.72,0,1,98,High
23,0,24,3,6697,153,100,45,2,2,1,25,758.25,0,279.0416666666667,6.375,4.166666666666667,0,1,298,High
19,0,22,2,9237,183,88,43,5,1,1,55,273.3,0,419.8636363636364,8.318181818181818,4.0,0,1,314,High
15,0,23,5,3157,57,46,22,4,1,1,45,195.35,0,137.2608695652174,2.4782608695652173,2.0,0,1,125,Medium
9,0,16,3,4695,52,230,13,3,1,1,30,1109.88,0,293.4375,3.25,14.375,0,1,295,Very High
10,0,16,3,1792,31,15,10,3,1,1,30,132.92,1,112.0,1.9375,0.9375,0,1,56,Medium
19,0,41,2,5385,88,37,19,3,1,1,30,366.92,0,131.34146341463415,2.1463414634146343,0.9024390243902439,0,1,144,High
11,0,42,0,1333,22,22,6,3,1,2,30,142.2,0,31.738095238095237,0.5238095238095238,0.5238095238095238,0,1,50,Medium
21,0,40,2,3468,77,374,26,3,1,1,30,1637.8,0,86.7,1.925,9.35,0,1,477,Very High
21,0,41,2,5213,83,16,37,1,1,1,15,379.28,0,127.14634146341463,2.024390243902439,0.3902439024390244,0,1,136,High
14,0,41,2,3408,75,17,35,2,1,1,25,233.235,0,83.1219512195122,1.829268292682927,0.4146341463414634,0,1,127,High
22,0,41,3,4790,99,47,30,3,1,1,30,383.56,0,116.82926829268293,2.4146341463414633,1.146341463414634,0,1,176,High
15,0,41,2,3375,56,300,20,4,1,1,45,835.775,0,82.3170731707317,1.3658536585365855,7.317073170731708,0,1,376,Very High
24,0,40,4,10130,138,159,45,3,1,1,30,1046.72,0,253.25,3.45,3.975,0,1,342,Very High
18,0,41,2,14788,186,15,46,3,1,1,30,658.96,0,360.6829268292683,4.536585365853658,0.36585365853658536,0,1,247,High
18,0,41,3,5530,100,17,27,4,1,1,45,183.25,0,134.8780487804878,2.4390243902439024,0.4146341463414634,0,1,144,Medium
17,0,41,2,6933,112,22,14,3,1,1,30,369.8,0,169.09756097560975,2.731707317073171,0.5365853658536586,0,1,148,High
20,0,41,0,3253,71,23,19,4,1,2,45,140.6,0,79.34146341463415,1.7317073170731707,0.5609756097560976,0,1,113,Medium
36,0,41,5,16155,242,69,34,3,2,1,30,931.88,0,394.0243902439024,5.902439024390244,1.6829268292682926,0,1,345,Very High
15,0,41,3,4110,44,498,10,4,1,1,45,1348.85,0,100.2439024390244,1.0731707317073171,12.146341463414634,0,1,552,Very High
20,0,40,2,16500,199,165,32,2,1,1,25,1493.955,0,412.5,4.975,4.125,0,1,396,Very High
14,0,40,3,7515,103,201,28,3,1,1,30,1108.72,0,187.875,2.575,5.025,0,1,332,Very High
11,0,40,0,1890,31,15,13,2,1,2,25,153.945,0,47.25,0.775,0.375,0,1,59,Medium
13,0,41,0,1725,31,28,10,3,1,2,30,182.24,0,42.073170731707314,0.7560975609756098,0.6829268292682927,0,1,69,Medium
11,0,40,0,1015,17,15,2,3,1,2,30,101.28,1,25.375,0.425,0.375,0,1,34,Low
14,0,40,2,8523,144,399,45,3,1,1,30,1942.68,0,213.075,3.6,9.975,0,1,588,Very High
18,0,40,3,12480,171,26,49,4,1,1,45,381.275,0,312.0,4.275,0.65,0,1,246,High
19,0,40,3,7733,92,123,39,2,1,1,25,905.625,0,193.325,2.3,3.075,0,1,254,Very High
34,1,36,0,1970,64,31,19,3,2,2,30,205.36,1,54.72222222222222,1.7777777777777777,0.8611111111111112,1,1,114,Medium
32,0,39,10,11450,110,16,44,5,1,1,55,197.4,0,293.5897435897436,2.8205128205128207,0.41025641025641024,0,1,170,Medium
24,0,39,3,6833,115,41,26,3,1,1,30,441.92,0,175.2051282051282,2.948717948717949,1.0512820512820513,0,1,182,High
12,0,37,2,3855,39,15,16,3,1,1,30,215.76,0,104.1891891891892,1.054054054054054,0.40540540540540543,0,1,70,Medium
20,1,38,0,4005,58,24,18,3,1,2,30,258.52,1,105.39473684210526,1.5263157894736843,0.631578947368421,1,1,100,High
20,1,39,0,3283,61,49,33,4,1,2,45,206.1,1,84.17948717948718,1.564102564102564,1.2564102564102564,1,1,143,Medium
11,0,39,0,1148,19,15,4,3,1,2,30,106.68,1,29.435897435897434,0.48717948717948717,0.38461538461538464,0,1,38,Low
12,0,39,2,2683,42,15,8,4,1,1,45,105.625,0,68.7948717948718,1.0769230769230769,0.38461538461538464,0,1,65,Low
14,0,36,3,7800,114,29,24,5,1,1,55,162.21,0,216.66666666666666,3.1666666666666665,0.8055555555555556,0,1,167,Medium
11,0,39,0,1643,24,24,6,4,1,2,45,101.675,1,42.12820512820513,0.6153846153846154,0.6153846153846154,0,1,54,Low
11,0,39,3,1353,21,19,4,5,1,1,55,49.11,0,34.69230769230769,0.5384615384615384,0.48717948717948717,0,1,44,Low
36,0,34,5,17090,255,15,82,2,2,1,25,848.025,0,502.6470588235294,7.5,0.4411764705882353,0,1,352,Very High
17,0,37,5,7980,133,286,35,3,2,1,30,1468.52,0,215.67567567567568,3.5945945945945947,7.72972972972973,0,1,454,Very High
13,0,39,2,4733,99,17,30,3,1,1,30,261.28,0,121.35897435897436,2.5384615384615383,0.4358974358974359,0,1,146,High
14,0,38,0,2680,61,53,22,4,1,2,45,201.025,0,70.52631578947368,1.605263157894737,1.394736842105263,0,1,136,Medium
17,0,39,2,3795,70,190,25,2,1,1,25,1028.925,0,97.3076923076923,1.794871794871795,4.871794871794871,0,1,285,Very High
15,0,30,3,2330,53,208,13,3,2,1,30,927.32,0,77.66666666666667,1.7666666666666666,6.933333333333334,0,1,274,Very High
15,0,29,2,2583,56,45,70,5,1,1,55,107.085,0,89.06896551724138,1.9310344827586208,1.5517241379310345,0,1,171,Low
22,1,30,0,1715,42,25,9,3,1,2,30,170.28,1,57.166666666666664,1.4,0.8333333333333334,1,1,76,Medium
11,0,29,0,1840,27,36,5,4,1,2,45,136.675,0,63.44827586206897,0.9310344827586207,1.2413793103448276,0,1,68,Medium
21,0,28,2,2240,49,34,15,2,1,1,25,256.005,0,80.0,1.75,1.2142857142857142,0,1,98,High
13,0,28,2,4240,78,23,25,3,1,1,30,264.72,0,151.42857142857142,2.7857142857142856,0.8214285714285714,0,1,126,High
13,0,21,2,2710,43,43,16,3,1,1,30,282.12,0,129.04761904761904,2.0476190476190474,2.0476190476190474,0,1,102,High
27,0,20,3,7407,158,100,44,2,2,1,25,790.425,0,370.35,7.9,5.0,0,1,302,Very High
23,0,18,2,9947,188,88,42,5,1,1,55,284.025,0,552.6111111111111,10.444444444444445,4.888888888888889,0,1,318,High
19,0,19,5,3867,62,46,21,3,1,1,30,341.16,0,203.52631578947367,3.263157894736842,2.4210526315789473,0,1,129,High
13,0,12,3,5405,57,230,12,3,1,1,30,1138.48,0,450.4166666666667,4.75,19.166666666666668,0,1,299,Very High
14,1,12,3,2502,36,15,9,3,1,1,30,161.52,1,208.5,3.0,1.25,1,1,60,Medium
7,0,39,0,3965,66,0,19,3,1,1,30,161.24,0,101.66666666666667,1.6923076923076923,0.0,0,1,85,Medium
0,0,40,0,0,0,0,0,3,1,2,30,0.0,0,0.0,0.0,0.0,0,0,0,Low
9,0,38,0,2048,55,341,26,3,1,1,30,1448.12,0,53.89473684210526,1.4473684210526316,8.973684210526315,0,1,422,Very High
9,0,39,0,3793,61,0,37,1,1,1,15,211.97,0,97.25641025641026,1.564102564102564,0.0,0,1,98,Medium
2,0,39,0,1988,53,0,35,2,1,1,25,91.845,0,50.97435897435897,1.358974358974359,0.0,0,1,88,Low
10,0,39,1,3370,77,14,30,3,1,1,30,193.88,0,86.41025641025641,1.9743589743589745,0.358974358974359,0,1,121,Medium
3,0,39,0,1955,34,267,20,3,1,1,30,1147.56,0,50.12820512820513,0.8717948717948718,6.846153846153846,0,1,321,Very High
12,0,38,2,8710,116,126,45,3,1,1,30,857.04,0,229.21052631578948,3.0526315789473686,3.3157894736842106,0,1,287,Very High
6,0,39,0,13368,164,0,46,3,1,1,30,541.28,0,342.7692307692308,4.205128205128205,0.0,0,1,210,High
6,0,39,1,4110,78,0,27,3,1,1,30,167.52,0,105.38461538461539,2.0,0.0,0,1,105,Medium
5,0,39,0,5513,90,0,14,3,1,1,30,224.12,0,141.35897435897436,2.3076923076923075,0.0,0,1,104,Medium
8,0,39,0,1833,49,0,19,3,1,2,30,75.28,0,47.0,1.2564102564102564,0.0,0,1,68,Low
24,0,39,3,14735,220,36,34,3,1,1,30,742.2,0,377.8205128205128,5.641025641025641,0.9230769230769231,0,1,290,High
3,0,39,1,2690,22,465,10,3,1,1,30,1968.48,0,68.97435897435898,0.5641025641025641,11.923076923076923,0,1,497,Very High
8,0,38,0,15080,177,132,32,2,1,1,25,1280.565,0,396.8421052631579,4.657894736842105,3.473684210526316,0,1,341,Very High
2,0,38,1,6095,81,168,28,3,1,1,30,919.04,0,160.39473684210526,2.1315789473684212,4.421052631578948,0,1,277,Very High
0,0,38,0,470,9,0,13,2,1,2,25,21.555,0,12.368421052631579,0.23684210526315788,0.0,0,0,22,Low
1,0,39,0,305,9,0,10,3,1,2,30,12.56,0,7.82051282051282,0.23076923076923078,0.0,0,1,19,Low
0,0,38,0,0,0,0,0,2,1,2,25,0.0,1,0.0,0.0,0.0,0,0,0,Low
2,0,38,0,7103,122,366,45,3,1,1,30,1753.0,0,186.92105263157896,3.210526315789474,9.631578947368421,0,1,533,Very High
6,0,38,1,11060,149,0,49,4,1,1,45,280.225,0,291.05263157894734,3.9210526315789473,0.0,0,1,198,High
7,0,38,1,6313,70,90,39,2,1,1,25,692.235,0,166.1315789473684,1.8421052631578947,2.3684210526315788,0,1,199,High
22,0,34,0,550,42,0,19,3,1,2,30,23.68,1,16.176470588235293,1.2352941176470589,0.0,0,1,61,Low
20,0,37,8,10030,88,0,44,5,1,1,55,151.77,0,271.0810810810811,2.3783783783783785,0.0,0,1,132,Medium
12,0,37,1,5413,93,8,26,2,1,1,25,283.77,1,146.2972972972973,2.5135135135135136,0.21621621621621623,0,1,127,High
0,0,35,0,2435,17,0,16,3,1,1,30,98.08,0,69.57142857142857,0.4857142857142857,0.0,0,0,33,Low
8,1,36,0,2585,36,0,18,3,1,2,30,104.84,1,71.80555555555556,1.0,0.0,1,1,54,Low
8,0,37,0,1863,39,16,33,3,1,2,30,140.08,1,50.351351351351354,1.054054054054054,0.43243243243243246,0,1,88,Medium
0,0,37,0,0,0,0,0,3,1,2,30,0.0,1,0.0,0.0,0.0,0,0,0,Low
0,0,37,0,1263,20,0,8,4,1,1,45,32.075,0,34.13513513513514,0.5405405405405406,0.0,0,0,28,Low
2,0,34,1,6380,92,0,24,5,1,1,55,97.08,0,187.64705882352942,2.7058823529411766,0.0,0,1,116,Low
0,0,37,0,223,2,0,6,4,1,2,45,5.625,1,6.027027027027027,0.05405405405405406,0.0,0,0,8,Low
0,0,37,1,0,0,0,0,5,1,1,55,0.0,0,0.0,0.0,0.0,0,0,0,Low
24,1,32,3,15670,233,0,82,2,1,1,25,715.635,0,489.6875,7.28125,0.0,1,1,315,High
5,0,35,3,6560,111,253,35,2,2,1,25,1438.695,0,187.42857142857142,3.1714285714285713,7.228571428571429,0,1,399,Very High
1,0,37,0,3313,77,0,30,3,1,1,30,135.6,0,89.54054054054055,2.081081081081081,0.0,0,1,107,Medium
2,0,36,0,1260,39,20,22,3,1,2,30,131.96,0,35.0,1.0833333333333333,0.5555555555555556,0,1,81,Medium
5,0,37,0,2375,48,157,25,2,1,1,25,815.535,0,64.1891891891892,1.2972972972972974,4.243243243243243,0,1,230,Very High
3,0,28,1,910,31,175,13,2,2,1,25,829.845,0,32.5,1.1071428571428572,6.25,0,1,219,Very High
3,0,27,0,1163,34,12,70,4,1,1,45,59.925,0,43.074074074074076,1.2592592592592593,0.4444444444444444,0,1,116,Low
10,0,28,0,295,20,0,9,3,1,2,30,12.6,0,10.535714285714286,0.7142857142857143,0.0,0,1,29,Low
0,0,27,0,420,5,3,5,4,1,2,45,18.125,0,15.555555555555555,0.18518518518518517,0.1111111111111111,0,0,13,Low
9,0,26,0,820,27,1,15,2,1,1,25,42.615,0,31.53846153846154,1.0384615384615385,0.038461538461538464,0,1,43,Low
1,0,26,0,2820,56,0,25,3,1,1,30,115.04,0,108.46153846153847,2.1538461538461537,0.0,0,1,81,Low
1,0,19,0,1290,21,10,16,2,1,1,25,103.995,0,67.89473684210526,1.105263157894737,0.5263157894736842,0,1,47,Low
15,0,18,1,5987,136,67,44,2,2,1,25,577.035,0,332.6111111111111,7.555555555555555,3.7222222222222223,0,1,247,High
11,0,16,0,8527,166,55,42,5,1,1,55,212.895,0,532.9375,10.375,3.4375,0,1,263,Medium
7,0,17,3,2447,40,13,21,3,1,1,30,151.48,0,143.94117647058823,2.3529411764705883,0.7647058823529411,0,1,74,Medium
1,0,10,1,3985,35,197,12,3,1,1,30,948.8,0,398.5,3.5,19.7,0,1,244,Very High
2,1,10,1,1082,14,0,9,3,1,1,30,43.84,1,108.2,1.4,0.0,1,1,23,Low
14,0,40,0,2543,60,15,19,3,1,2,30,164.12,0,63.575,1.5,0.375,0,1,94,Medium
30,0,40,4,15445,231,61,34,3,1,1,30,871.04,0,386.125,5.775,1.525,0,1,326,Very High
28,1,35,0,1260,53,23,19,3,1,2,30,144.52,1,36.0,1.5142857142857142,0.6571428571428571,1,1,95,Medium
14,0,38,0,2573,50,41,33,4,1,2,45,168.075,1,67.71052631578948,1.3157894736842106,1.0789473684210527,0,1,124,Medium
21,0,19,2,6697,147,92,44,2,2,1,25,721.98,0,352.4736842105263,7.7368421052631575,4.842105263157895,0,1,283,High
17,0,17,1,9237,177,80,42,5,1,1,55,261.21,0,543.3529411764706,10.411764705882353,4.705882352941177,0,1,299,High
13,0,18,4,3157,51,38,21,3,1,1,30,280.32,0,175.38888888888889,2.8333333333333335,2.111111111111111,0,1,110,High
8,1,11,2,1792,25,7,9,3,1,1,30,100.68,1,162.9090909090909,2.272727272727273,0.6363636363636364,1,1,41,Low
26,0,38,9,10740,99,8,44,5,2,1,55,174.585,0,282.63157894736844,2.6052631578947367,0.21052631578947367,0,1,151,Medium
5,1,38,0,933,13,16,6,4,1,2,45,63.65,1,24.55263157894737,0.34210526315789475,0.42105263157894735,1,1,35,Low
